trigram,count
 th,110321
the,92014
he ,82536
" , ",58334
 . ,49345
ed ,41514
 of,38418
 an,37784
of ,36566
nd ,36418
and,34076
 in,33782
 to,31209
ing,30448
ng ,30034
er ,28751
to ,28325
on ,26641
in ,25674
is ,23659
 a ,23195
 co,22506
es ,22408
ion,22099
re ,21826
as ,20772
at ,20038
ent,18464
e t,18434
 be,18207
 he,17893
or ,17838
tio,17688
n t,17501
d t,17028
s a,16662
 ha,16421
ly ,16395
e a,16266
 re,16001
e s,15914
her,15853
 wa,15632
for,15472
 fo,15108
en ,14698
 wh,14365
t t,14146
al ,14096
an ,13910
e o,13749
f t,13634
hat,13333
nt ,13151
 wi,13118
tha,12955
 ma,12953
s t,12864
his,12837
ter,12827
ere,12810
 on,12770
ati,12478
st ,12426
 hi,12399
 st,12139
e w,12067
 pr,12065
e c,11879
th ,11870
s o,11752
 it,11497
ll ,11458
. t,11349
", a",11145
 no,11144
le ,11077
ce ,10953
ate,10867
 is,10866
ts ,10808
it ,10697
ve ,10557
was,10414
all,10401
se ,10370
"s ,",10315
e i,10260
ut ,10052
n a,9996
ver,9856
d a,9756
 we,9722
 as,9690
e p,9668
 se,9524
me ,9392
 ca,9348
 de,9270
ch ,9263
ith,9114
thi,9090
con,9085
ld ,9014
 so,8985
e f,8919
res,8873
'' ,8850
 ``,8837
`` ,8837
 '',8789
ted,8641
rs ,8633
 mo,8632
wit,8581
s .,8559
nce,8540
 sh,8470
e h,8463
t a,8379
"e ,",8303
ers,8245
e m,8211
men,8202
", t",8098
t o,8086
r t,8082
ne ,8069
 ar,8028
ns ,7887
 al,7803
 di,7783
t i,7774
are,7765
s i,7722
ons,7707
eve,7673
rea,7632
e b,7588
pro,7555
ad ,7503
ry ,7500
 wo,7438
 fr,7347
sta,7334
ess,7231
 li,7208
te ,7147
s w,7132
 su,7078
 at,7060
 bu,7018
com,6974
o t,6972
e d,6960
e .,6953
d i,6882
 me,6867
ive,6864
one,6830
 pa,6820
d b,6808
ear,6748
not,6718
be ,6691
est,6661
out,6568
ay ,6482
 sa,6477
ty ,6458
n o,6451
e r,6442
 fi,6433
per,6414
int,6404
y t,6401
ot ,6333
ome,6317
ill,6259
s s,6222
ect,6172
d s,6134
 do,6076
man,6065
y a,6055
 ne,6038
t w,6035
. i,6002
g t,5967
 po,5962
 ho,5951
ist,5946
 ch,5934
 or,5934
ght,5887
d o,5885
's ,5865
oul,5845
ave,5801
r a,5741
igh,5723
tin,5718
uld,5697
om ,5696
ain,5686
d h,5668
ica,5659
ove,5626
by ,5616
 yo,5605
ide,5603
 ; ,5566
 un,5514
ss ,5506
ine,5496
e e,5482
der,5453
 lo,5437
ore,5425
 by,5386
 ex,5381
had,5373
red,5287
cti,5267
you,5259
"d ,",5244
our,5240
 le,5218
rom,5212
nte,5209
str,5207
 fa,5200
hin,5197
 i ,5164
t h,5162
oun,5152
 pe,5135
 la,5085
ble,5081
rat,5078
n i,5076
 tr,5032
e l,5031
ey ,5030
pre,5006
whi,4999
oth,4990
"n ,",4957
but,4955
fro,4901
ste,4883
sti,4882
ow ,4877
tra,4876
und,4874
 mi,4861
", w",4839
d w,4835
 si,4810
iti,4805
art,4798
s f,4776
ant,4760
hou,4760
et ,4755
ar ,4754
cal,4718
"t ,",4705
wer,4699
d .,4696
 ? ,4693
han,4693
. a,4678
she,4663
t s,4638
ge ,4624
ic ,4612
 ba,4611
cou,4606
"y ,",4596
s c,4594
 gr,4559
e n,4555
eri,4531
act,4505
hen,4498
ort,4494
hav,4472
ure,4471
de ,4461
tur,4447
. h,4438
nti,4428
 go,4428
ht ,4406
h t,4402
tic,4381
ind,4372
enc,4330
era,4322
", i",4317
y o,4285
een,4283
 bo,4279
 ou,4276
tho,4274
id ,4272
ame,4250
ous,4250
hic,4227
t .,4227
f a,4213
us ,4208
ugh,4200
par,4148
rou,4140
d f,4139
ds ,4135
nde,4123
whe,4120
s h,4108
n s,4105
ity,4073
rin,4056
n w,4051
n h,4046
ich,4044
s b,4030
use,4015
 en,4002
"r ,",3937
lin,3902
 te,3893
ten,3889
can,3879
e g,3874
ies,3861
ke ,3858
tor,3835
eas,3831
min,3828
hey,3805
ned,3802
n .,3784
oug,3772
ust,3769
eat,3756
pla,3752
r o,3751
ard,3723
ssi,3708
lit,3705
 ac,3701
 sp,3697
h a,3677
g a,3646
s p,3644
tat,3641
mor,3633
 pl,3611
age,3602
les,3602
nal,3597
lly,3595
", h",3565
anc,3564
wor,3556
ir ,3547
abl,3542
y .,3540
ell,3530
end,3527
ast,3525
", s",3523
. `,3520
tte,3517
 fe,3489
ite,3487
den,3483
 ev,3482
s m,3475
any,3461
 br,3457
t b,3445
r s,3443
ven,3442
ny ,3437
 --,3432
", b",3432
-- ,3432
d c,3420
rd ,3399
ese,3398
y s,3396
own,3389
ck ,3360
a s,3353
din,3350
ple,3347
' .,3341
ose,3340
 ra,3339
 ta,3329
ou ,3326
ew ,3326
o a,3323
ial,3320
s n,3315
 cl,3301
ont,3289
y w,3287
him,3281
rt ,3281
ces,3269
ran,3266
d m,3264
ins,3258
ass,3256
sed,3256
sin,3255
rec,3255
o s,3251
nin,3241
inc,3240
. s,3230
 ab,3228
 mu,3220
ead,3200
ime,3193
cha,3187
tan,3170
ong,3163
lat,3161
sho,3161
lan,3155
nat,3142
tim,3141
ren,3140
 da,3136
so ,3133
eme,3120
nts,3112
y i,3111
ur ,3103
ice,3101
lle,3099
lea,3096
rie,3095
who,3081
led,3077
dis,3066
ct ,3066
l a,3064
t c,3061
d p,3054
che,3054
em ,3044
sio,3040
ree,3038
im ,3036
nes,3024
ost,3021
n c,2999
wn ,2996
ral,2981
t m,2977
ber,2974
 ro,2969
ake,2966
tiv,2966
som,2963
t f,2958
hes,2952
ls ,2947
o b,2945
gh ,2942
ace,2940
ona,2935
m t,2935
app,2928
wou,2912
e u,2891
son,2888
kin,2885
ric,2885
wil,2881
 ti,2877
has,2873
tri,2867
hei,2851
sen,2847
pos,2833
r .,2831
 ge,2825
ade,2824
ach,2822
sto,2816
ern,2816
now,2815
 af,2815
gre,2797
mer,2794
; ;,2784
s d,2767
spe,2762
uni,2757
n b,2749
ene,2749
r c,2739
tes,2735
hea,2730
ope,2727
its,2724
l t,2722
eir,2721
omp,2712
 up,2711
r w,2705
ndi,2694
we ,2693
ack,2689
r i,2677
ire,2675
bee,2662
 sc,2660
chi,2651
ded,2647
n f,2644
. w,2640
d n,2636
sel,2631
r h,2627
a c,2621
 pu,2620
ner,2619
por,2603
cat,2598
lar,2590
 ea,2589
ee ,2581
y c,2578
har,2577
att,2576
sid,2570
abo,2570
 ad,2569
old,2568
aid,2564
rit,2564
od ,2551
 us,2530
 ye,2526
unt,2524
o h,2519
uch,2519
up ,2514
gra,2509
nge,2509
orm,2506
new,2506
ang,2491
d d,2489
mat,2483
. b,2480
s r,2469
n m,2469
nst,2467
 ) ,2466
thr,2466
 ag,2465
 dr,2455
hem,2451
ans,2446
how,2443
t p,2440
ord,2438
 ( ,2435
 na,2434
ens,2430
ile,2422
des,2419
f s,2418
ely,2414
exp,2391
low,2388
nsi,2387
ms ,2387
y b,2384
way,2382
ina,2379
ery,2378
n e,2376
 ap,2366
ari,2363
ali,2360
mon,2360
n p,2359
see,2354
eco,2353
s e,2352
? ?,2346
mpl,2328
sit,2327
tal,2327
mar,2326
ser,2325
war,2323
cen,2322
y h,2312
pen,2307
ual,2306
 im,2303
ish,2303
fic,2299
ien,2299
y f,2297
ho ,2286
owe,2278
", o",2274
lic,2273
s l,2273
 cr,2268
f h,2267
ath,2263
no ,2263
 am,2253
ary,2252
t d,2247
pri,2244
ood,2242
sse,2239
wha,2237
g o,2236
lon,2229
ses,2227
ook,2226
nly,2222
ntr,2219
eac,2218
ele,2215
r p,2213
o m,2211
if ,2209
 ri,2203
sur,2200
ert,2199
 if,2199
omm,2191
l s,2187
day,2177
ked,2177
tai,2173
ase,2165
bou,2159
nto,2157
ini,2153
f c,2153
 ot,2152
ond,2142
fac,2134
hil,2133
eli,2125
cre,2119
oll,2119
als,2108
rac,2106
n't,2102
't ,2102
rel,2101
mil,2093
imp,2091
sai,2089
pec,2085
cia,2081
r m,2080
vel,2078
l o,2076
ili,2067
"' ,",2066
fir,2066
 ju,2065
nit,2064
 vi,2063
a p,2061
r f,2058
tro,2056
car,2053
o c,2050
d e,2049
med,2041
ike,2039
tle,2037
d l,2036
ars,2036
ffe,2036
eal,2035
gen,2031
ris,2030
tre,2024
 ce,2023
rst,2018
fin,2007
las,2002
a m,1998
 kn,1989
d r,1986
nta,1982
 tw,1980
itt,1980
dy ,1976
"l ,",1969
fer,1959
lis,1958
tly,1948
 qu,1943
rti,1929
mbe,1926
eed,1918
mos,1913
l c,1913
ork,1911
el ,1900
ger,1898
g i,1895
rem,1894
hed,1892
shi,1891
tie,1888
lli,1885
y m,1885
 op,1880
ete,1877
qui,1876
ivi,1874
rep,1873
rn ,1872
yea,1862
ori,1858
 fu,1856
l b,1852
oli,1850
t l,1850
ppe,1847
fte,1844
f i,1839
ani,1838
nds,1837
y p,1830
gin,1830
tem,1825
gs ,1821
off,1819
onl,1816
eth,1812
my ,1811
", m",1808
oin,1807
ved,1807
ys ,1805
m a,1802
. m,1799
ue ,1799
y d,1797
"g ,",1797
", f",1796
o d,1796
gro,1796
 : ,1795
 ga,1794
r b,1794
cor,1792
o p,1789
ves,1786
met,1785
lik,1783
ian,1781
a f,1777
ful,1774
til,1772
ise,1769
loo,1766
rk ,1765
erv,1763
onc,1761
esi,1754
o w,1754
col,1749
 pi,1747
duc,1744
n d,1742
 ov,1741
too,1740
ria,1738
arr,1737
rge,1735
mus,1734
ret,1733
tel,1731
lie,1729
cer,1729
t e,1727
tar,1726
ett,1724
suc,1724
l p,1723
let,1721
ult,1719
t r,1716
bec,1716
ied,1710
usi,1704
lf ,1701
tru,1698
 ve,1695
lac,1695
ula,1693
 gi,1692
win,1692
", c",1692
irs,1691
que,1690
rse,1688
ors,1681
hol,1681
 my,1675
vin,1672
sh ,1671
ton,1670
iou,1667
ita,1664
mis,1662
oss,1661
f m,1661
urn,1658
 bi,1656
equ,1650
 va,1647
", p",1643
il ,1639
rop,1636
may,1636
erm,1632
ign,1631
rth,1631
a l,1630
ote,1627
mes,1626
iss,1623
 hu,1621
r e,1620
arl,1619
 bl,1614
get,1614
cle,1614
eci,1613
ece,1612
rai,1610
air,1610
ron,1609
e ',1604
 ! ,1596
cho,1596
. o,1595
ici,1592
ngs,1592
 fl,1591
 jo,1591
elf,1586
two,1586
ail,1584
did,1577
am ,1573
r d,1572
e v,1571
s g,1569
pon,1567
hos,1567
h i,1564
a t,1563
n r,1562
m .,1560
f p,1560
lig,1553
bli,1553
ced,1551
pea,1543
llo,1540
 el,1538
sec,1537
h s,1537
h h,1533
ean,1528
g .,1527
hel,1525
nse,1525
isi,1521
rig,1519
h o,1517
 cu,1516
hro,1515
o r,1512
cte,1512
ks ,1509
. f,1509
ues,1505
do ,1500
rch,1495
ann,1491
wel,1490
atu,1490
hor,1488
a b,1487
l i,1485
mal,1483
ays,1481
dit,1476
aft,1474
rta,1474
edi,1474
cul,1472
t n,1469
uti,1467
nis,1465
vid,1463
ps ,1459
eti,1457
lec,1456
d g,1452
wee,1448
rma,1445
pol,1445
sha,1444
dea,1444
kno,1443
y r,1442
eca,1442
aus,1441
gai,1440
dow,1440
wo ,1430
 ru,1430
cla,1428
ize,1427
ffi,1423
g h,1422
rne,1422
ges,1418
sis,1415
omi,1414
rov,1413
ale,1413
ark,1411
g s,1411
rad,1410
 19,1409
d u,1406
ttl,1405
uri,1404
aga,1399
 du,1398
mea,1395
nor,1392
ept,1391
l .,1387
len,1386
emb,1386
eet,1386
 mr,1383
tch,1382
"m ,",1377
tak,1376
cau,1375
adi,1375
row,1371
ick,1371
xpe,1370
ict,1369
urs,1368
stu,1365
o i,1365
uct,1358
rio,1355
uth,1353
acc,1351
a w,1348
a r,1348
fou,1345
los,1344
ild,1344
ped,1342
bro,1341
 ci,1340
mak,1336
bac,1335
efo,1333
n l,1332
nne,1332
rce,1331
emp,1331
ext,1329
arg,1328
esp,1326
ara,1325
pat,1321
fre,1319
mad,1315
r r,1313
g w,1312
cie,1310
ole,1309
ool,1307
spo,1304
sou,1304
bet,1303
tit,1303
h w,1303
qua,1300
"h ,",1298
ima,1297
mit,1295
s ',1291
rm ,1289
a d,1288
ifi,1288
asi,1287
rde,1280
eng,1277
ol ,1274
rri,1274
cam,1274
r l,1273
sts,1272
sch,1271
sig,1271
o f,1271
e y,1269
 sl,1268
rob,1268
", d",1265
hoo,1265
dre,1264
jus,1262
bri,1262
ock,1260
` i,1258
f w,1258
ubl,1254
ok ,1253
elo,1253
mpa,1251
rte,1250
ory,1248
iat,1248
cit,1248
 ki,1247
rly,1247
nci,1246
g f,1244
olo,1241
ref,1240
e k,1238
o o,1235
bil,1235
lt ,1235
 sm,1233
hal,1231
val,1229
f o,1227
dic,1222
y e,1222
h c,1221
itu,1220
s u,1219
r. ,1219
m o,1214
cur,1213
ora,1212
iff,1212
o l,1211
don,1210
l f,1207
ull,1207
ram,1206
rev,1198
yin,1197
mpo,1193
lso,1192
", e",1191
arm,1190
l w,1190
w t,1189
ema,1189
ngl,1187
fe ,1187
lem,1186
y l,1183
ros,1179
 ob,1179
lay,1177
ife,1177
tab,1175
nic,1173
evi,1171
 ph,1170
sup,1169
ibl,1167
ein,1164
ute,1163
. n,1162
pin,1161
ude,1160
rre,1159
 em,1158
 tu,1158
ovi,1154
 wr,1151
o g,1151
reg,1148
bel,1147
a g,1143
unc,1140
tud,1140
oci,1140
try,1140
gan,1138
lif,1138
cas,1137
vis,1137
ntl,1134
isc,1131
ura,1130
cke,1128
o e,1127
roo,1122
fee,1121
riv,1121
cto,1120
pan,1117
 ke,1116
ems,1116
tia,1116
l r,1114
hap,1112
hom,1111
ul ,1111
", n",1110
soc,1107
go ,1107
. c,1105
alt,1103
. p,1102
l d,1101
ink,1096
nk ,1094
", `",1093
ctu,1091
ami,1091
dec,1091
ega,1091
sub,1090
cri,1087
pe ,1086
ela,1081
 sy,1078
ily,1078
l h,1078
amp,1077
dev,1075
` t,1072
eff,1071
giv,1067
ler,1066
ppo,1065
 au,1064
k a,1063
sib,1062
k t,1061
emo,1060
mme,1059
t g,1059
loc,1059
osi,1058
 nu,1056
nda,1056
 ni,1055
nch,1052
vic,1051
ged,1051
dif,1051
eem,1050
roa,1050
hig,1050
ff ,1049
pas,1049
clu,1047
ato,1047
", r",1046
sic,1045
tis,1045
m i,1042
ano,1041
twe,1039
f f,1039
af ,1039
 gu,1037
leg,1036
nee,1032
pli,1032
bef,1030
tua,1030
clo,1029
die,1029
ane,1028
spi,1024
dep,1022
 vo,1021
f e,1021
 es,1021
mot,1019
g c,1018
sol,1011
"o ,",1011
", l",1010
rds,1009
oke,1008
cy ,1007
bot,1007
ip ,1006
t's,1006
ogr,1001
imi,1000
p t,999
hre,999
ia ,998
mem,998
t u,997
rod,996
mic,996
h m,994
a n,993
l m,993
tee,993
cts,992
bor,991
k o,990
hip,988
 ow,988
set,987
eni,987
fie,986
ana,986
rni,983
eld,982
a h,982
h .,979
rol,978
aut,978
roc,977
org,975
ken,975
orn,974
dia,973
umb,972
ode,971
tti,970
g p,970
dge,969
mov,966
sam,966
iet,965
goo,964
urt,962
eig,962
rus,961
wat,961
muc,959
oti,958
f d,957
ws ,955
orl,955
ssu,953
bas,952
jec,951
f b,951
rve,948
 ef,945
t ',944
n g,943
avi,941
lor,941
g m,936
nev,935
eop,935
inf,935
mai,932
eep,932
tow,932
opl,931
upp,929
poi,925
n's,925
e j,924
sma,924
rot,923
egi,923
' ?,920
l e,919
cro,919
e's,919
g b,919
sea,919
peo,913
rog,912
n n,910
eta,909
pti,909
s. ,908
pt ,907
ape,904
rib,904
ume,903
"k ,",902
rmi,901
sco,900
. d,900
far,899
rts,899
tea,899
on',898
mou,897
edu,895
ft ,894
pub,893
lue,892
rso,892
urc,891
exc,891
cep,891
mse,890
lve,890
liv,886
ung,886
scr,885
y n,884
log,881
hy ,881
lai,880
ism,880
rld,878
 ja,878
oor,877
add,876
rvi,875
fec,873
 ol,872
epa,872
erc,872
wal,871
say,871
ash,870
lop,870
f r,870
oni,869
oes,869
aw ,869
f l,869
rke,868
oo ,867
tom,866
arc,864
rag,864
i w,861
odu,860
del,860
oma,860
inu,860
inv,859
 ed,858
ank,856
. e,856
rim,854
yst,854
ie ,854
eel,853
ban,852
lia,852
olu,850
opp,850
uit,850
bly,849
 sw,849
div,847
m w,844
mr.,844
awa,843
t y,843
ono,843
pai,843
err,842
icu,842
vol,841
tme,839
n u,839
cap,839
exa,834
sal,834
dur,832
r n,830
um ,828
dn',827
vie,827
eek,827
y g,827
bur,826
pic,822
ede,822
 ai,821
fol,821
lla,820
put,820
oca,818
r g,818
cce,817
dir,816
ask,815
fra,813
` w,812
gat,811
"a ,",811
amo,809
mag,808
oad,808
num,808
00 ,807
orc,805
 aw,805
sim,805
san,800
els,798
! !,798
h p,798
rme,798
dem,797
wed,795
det,795
aro,792
nni,791
. l,790
bea,790
 id,789
cra,787
ruc,787
nth,786
mpe,785
op ,785
alo,785
eak,785
wen,784
ker,784
fri,783
oup,782
bei,781
rap,781
sum,780
etw,779
mun,779
sm ,777
zed,774
nme,772
wan,772
pit,772
l l,771
sla,770
mig,768
ssa,767
k .,767
bar,766
alk,765
sor,765
rid,764
ncl,764
p a,764
hur,763
wri,760
hit,758
ier,757
. r,755
ims,754
nom,754
nou,753
onf,752
n 1,750
eno,750
nve,749
fai,747
oom,746
f g,746
n ',745
dri,744
ep ,743
efe,743
emi,742
bra,742
uat,742
ppr,741
rty,741
tec,740
beg,740
mmu,739
lls,739
erf,738
bod,738
ea ,737
ppl,735
 gl,735
dar,735
wis,733
req,732
ndu,728
w a,726
pur,726
ets,726
bal,724
sev,724
orr,724
gar,721
arn,721
liz,719
aso,718
phi,718
lab,717
gov,716
egr,716
udi,715
mas,711
pac,710
oce,709
- a,709
nea,709
dan,708
pul,707
esu,707
bus,707
h f,707
dle,706
vit,705
uar,705
def,704
kne,704
tif,701
nam,701
top,701
iev,701
var,700
r's,700
eav,699
fel,698
tag,696
obl,694
vio,693
nar,692
nio,691
sul,690
inn,690
cs ,689
siv,689
dly,689
sci,688
fig,687
eye,687
ech,687
ila,686
aki,684
dat,684
esc,684
uil,682
y ',682
cis,681
yes,680
spa,680
nig,679
ket,679
 i',679
nec,679
lde,679
uen,679
bes,678
m h,678
e `,677
 av,676
s v,675
fil,675
aff,674
m s,673
f n,672
lot,672
hon,670
un ,670
rdi,670
igi,669
van,668
elt,668
bed,667
alm,667
ott,667
ena,662
i h,660
sca,660
lus,660
sat,660
ody,659
erg,659
g d,658
ze ,658
ngt,658
cco,657
tol,656
lum,656
dra,655
"w ,",655
nco,655
lim,654
vil,654
lev,653
p o,653
 oc,653
ibe,652
bit,650
cus,650
s -,649
ncr,648
atc,648
fam,648
ndo,648
epe,646
got,645
cin,644
cip,643
` a,643
plo,642
gue,641
oon,641
ics,641
run,640
yth,638
rna,638
owi,637
sly,637
hop,636
chu,635
few,634
hus,633
nfo,633
uir,633
urr,633
nan,632
g e,632
 je,631
iel,631
boa,629
 ei,628
fun,628
rab,627
gle,627
d ',626
bje,624
pho,622
mod,621
hot,621
bre,621
 lu,621
dde,620
f .,619
gge,619
dom,617
sso,616
", g",616
elp,615
alu,615
iva,615
law,615
k i,615
niz,613
o n,613
ows,612
iri,612
rsi,611
ero,610
pra,609
vat,609
nno,608
; t,607
owa,607
swe,605
adv,605
flo,605
i s,605
ady,605
sys,604
iza,603
ees,603
cel,603
ney,603
eam,600
uss,600
rms,599
pow,599
abi,598
aci,598
ift,598
ril,597
l g,597
wes,596
gni,596
ngi,595
ala,593
fle,592
mmi,592
h r,591
bla,591
sua,590
lud,590
oot,590
cos,587
pir,587
pme,585
gla,585
rga,584
d y,584
doe,583
aug,583
tac,583
 sk,583
 ey,582
c a,582
ske,581
ago,581
wea,581
o .,579
h b,578
cov,578
uce,577
hum,577
epo,577
rro,576
y's,575
mpt,575
kes,574
ply,572
- t,570
aye,570
non,570
ohn,570
pet,569
hir,569
usl,568
alf,567
eer,567
ccu,567
ras,566
ldi,565
"f ,",565
a v,564
dua,564
l n,562
apa,562
 eq,561
occ,560
a .,560
efu,560
a a,559
rip,559
cut,557
ior,556
` s,556
bui,556
onv,555
lou,554
wev,552
thu,550
ait,550
. g,549
g r,548
rs.,548
ush,547
uck,545
ntu,543
uff,542
r ',542
rry,541
lth,540
h d,539
hie,539
. y,539
blo,538
mrs,537
nif,537
yed,537
rnm,537
hod,536
ecu,536
erl,536
lov,535
w o,535
y u,535
ief,534
asu,534
oft,533
mpr,532
ibi,532
: `,531
gio,531
rar,529
net,528
 1 ,527
irt,527
oub,527
het,526
ta ,525
exi,524
n y,524
eft,524
coo,524
; a,523
lef,523
joh,523
irl,522
zat,521
enn,521
ecr,521
upo,520
bin,519
 ec,518
g l,517
gn ,517
dus,517
er',517
s ;,514
ege,514
pal,513
fur,513
xce,513
p .,512
na ,512
e q,511
nct,511
hun,511
i c,511
tir,510
hri,509
mul,509
boo,509
eit,509
rtu,508
chr,508
typ,507
kee,506
lwa,504
oy ,504
ek ,503
f y,503
ski,503
oat,503
w i,502
imm,502
lut,502
nty,501
dro,501
m f,501
urp,500
phy,500
rpo,499
m b,499
adm,498
acr,498
fea,498
eor,497
d v,497
w h,497
ury,496
foo,496
e -,496
ugg,494
xt ,493
w w,493
. j,493
oar,492
t k,492
ava,491
pot,491
xam,491
gic,490
hte,489
nex,489
", u",488
boy,488
c s,488
hai,488
lmo,487
big,487
wom,487
ama,486
lte,485
cei,485
ogi,484
ety,483
tut,482
sia,482
pie,482
ola,482
"p ,",482
rsh,482
dee,482
g u,481
dmi,480
lio,480
bat,479
iew,477
elv,477
phe,476
an',476
rli,475
ddi,475
k w,475
sil,475
doo,475
ra ,474
s `,473
 ty,473
ngr,472
epr,471
alw,471
nel,470
gui,470
cid,470
uma,470
195,469
yon,468
spr,468
ray,467
bab,466
lti,466
i d,466
r u,465
ctr,465
lib,465
opi,465
d j,464
i a,464
", y",464
agr,464
goi,463
h l,463
gon,463
isl,463
fat,462
oge,461
ota,461
iso,461
idn,460
mmo,460
ham,459
", j",459
h e,458
000,458
cks,458
sar,457
igu,457
m c,457
etr,456
itc,456
ibu,456
ndl,455
xte,455
yet,455
e 1,455
ncy,454
ito,454
p i,454
rra,453
uts,453
mac,451
agi,450
olv,450
ysi,449
isp,449
xpl,449
w y,448
w .,448
efi,448
onn,447
gy ,447
 2 ,446
tta,446
sce,446
ben,446
oic,446
ubs,446
k h,445
tou,445
gne,445
s y,443
cli,443
w m,443
dou,442
'll,442
nia,442
rof,442
fla,441
fen,441
nsu,439
nie,438
eck,438
rei,437
mbl,437
opo,437
s :,436
aph,436
irm,436
ig ,435
aps,435
s j,435
vem,434
god,433
niv,433
ams,432
avo,431
", 1",431
beh,431
bse,430
ley,429
ods,429
ats,429
iqu,429
hs ,428
eiv,428
osp,428
",00",427
tun,424
omb,424
ef ,424
poe,424
rtm,424
sun,423
pay,423
raw,422
ngu,422
hee,421
rif,420
nue,420
obs,420
pap,419
s' ,418
gli,418
pte,417
voi,417
uis,417
sli,416
ype,415
odi,415
e ;,415
ipp,415
w s,414
mee,413
kil,413
ida,413
utt,412
ule,412
fes,412
rew,411
gur,410
une,410
' a,410
irc,410
mid,409
etu,409
oba,409
nut,409
why,408
yer,408
oph,407
uto,407
c p,406
` h,406
ipl,406
sue,406
idi,404
sy ,404
nag,403
lk ,403
cio,403
aim,403
` y,403
won,403
ghe,402
ucc,402
tog,402
fal,401
iod,401
'd ,401
scu,401
sem,400
mel,400
xis,400
ump,400
orp,399
flu,399
") ,",398
gir,398
chn,397
tep,397
fed,396
rav,396
owl,395
neg,395
ews,395
d `,394
n j,394
six,394
nso,393
squ,393
". ,",393
opm,393
o y,393
yor,392
hn ,392
pop,392
lau,392
o u,391
idu,391
ldr,391
ppi,390
rgi,390
nvi,390
wai,390
sk ,390
er-,389
196,389
r y,389
saw,389
ais,388
i t,388
gri,388
loy,388
eva,387
` b,387
fiv,387
dam,387
lid,386
o k,386
ird,386
 10,385
he',385
n v,385
apt,384
) .,383
rle,382
gly,382
sym,381
coa,381
? `,381
lad,381
ols,380
edg,379
isa,379
api,379
usu,379
k s,379
slo,379
sus,379
h n,379
mma,379
u w,378
oil,378
tax,378
fit,377
 sn,377
ndr,377
bst,376
amb,375
ex ,374
lam,373
ata,372
 il,372
 18,371
oda,371
vor,371
erh,371
eds,370
ma ,369
obe,369
una,369
r v,369
ro ,369
evo,368
rva,368
cil,368
mom,368
ths,367
rpr,366
thy,365
ado,365
lee,364
nen,364
eau,364
g n,363
ipa,363
wid,363
iga,363
ffo,363
abs,362
uns,362
gth,362
gis,362
woo,362
ctl,361
smi,361
iam,361
bon,360
sn',360
h g,360
w c,359
sep,359
a o,358
rks,357
' !,357
fas,357
c c,356
u c,355
eso,355
` n,355
erp,354
geo,354
uca,353
s (,353
nki,353
eur,353
d k,352
os ,352
pha,351
mbi,351
iol,351
ryi,351
udg,351
ehi,351
nov,350
tod,350
zin,350
maj,348
hts,348
t v,348
gua,347
l ',347
nab,347
ou',346
ayi,346
ak ,346
ils,345
 ir,345
io ,345
urg,345
lp ,343
oto,342
epl,342
ino,342
f u,341
nei,341
urd,341
vai,340
m m,340
rha,340
ued,340
rfa,339
` m,339
rum,339
u a,339
pes,337
la ,337
omo,337
upe,336
cki,336
alr,336
jor,336
ips,336
ldn,336
k f,335
hys,334
nim,334
oct,333
tse,332
arb,332
ob ,331
unn,331
ony,331
t j,330
exe,330
wro,329
tex,329
ix ,328
hni,328
sle,327
lse,325
it',325
d's,325
ilt,325
poo,324
swi,324
` o,324
dio,324
pil,324
doc,323
oye,323
loa,323
s k,322
rmo,322
obj,322
cif,321
heo,321
m p,320
ajo,320
gul,320
 sq,320
ca ,320
ium,319
` d,319
` c,318
` p,318
 ' ,317
dol,317
agg,317
cir,317
rl ,316
gal,316
job,316
tot,316
jun,315
pee,315
gav,315
lip,315
lf-,315
rue,314
opu,314
bul,314
udd,314
umm,314
lex,314
ada,314
tto,313
vir,313
nvo,312
aly,312
sir,312
f v,312
udy,312
 er,312
toc,310
g ',310
( a,310
rno,309
oki,309
nfl,309
tas,308
epi,308
bol,307
rul,307
wif,307
 u.,307
ilo,307
sug,307
nsp,307
tig,307
bov,307
oac,307
idd,306
edy,306
t. ,306
fus,305
jud,305
cta,304
g g,304
nsc,304
nfe,304
icl,303
. (,302
lun,302
utu,300
ubj,300
xtr,299
fis,299
gto,299
imu,298
nfi,298
cru,297
cad,297
rns,295
 ka,295
ax ,294
vot,294
. u,294
ddl,294
l y,293
riz,293
p w,292
oet,291
ty-,291
bs ,290
rfo,289
aig,289
egu,289
aud,289
oop,289
yme,288
in',288
ewi,287
usa,287
cop,287
 3 ,287
enl,286
agn,285
blu,285
c. ,285
a i,285
r j,284
ads,284
cem,284
're,284
xpr,283
urv,283
ll-,283
uin,283
gun,282
nsw,282
llu,282
nyt,282
suf,281
"c ,",281
lke,280
atr,280
 hy,280
? t,280
gel,280
bru,279
cum,279
nke,279
on-,279
y y,279
rut,279
t -,279
da ,279
 ya,278
py ,278
y v,278
w b,277
f 1,277
y j,275
n -,275
etc,275
urb,275
ap ,274
lre,274
raf,273
? i,273
anu,273
zen,273
wag,273
moo,273
iec,273
l u,272
dul,272
. k,272
rcu,271
u t,271
oro,270
w p,270
m d,269
nna,269
at',269
'm ,269
i'm,269
ubt,269
e :,268
ige,268
sui,268
e (,268
lty,268
ky ,268
rer,267
dva,267
jac,267
ofe,266
pel,266
' t,266
icy,265
inl,265
bir,265
) a,264
amm,264
k c,264
ira,264
gam,264
urf,264
- i,263
aul,262
rki,262
ckl,261
apo,261
mph,261
gem,261
idg,261
uro,260
rug,259
ois,259
rok,259
unl,259
spl,259
60 ,258
eph,258
nks,258
siz,258
asp,258
ots,257
sty,257
m ',257
oos,257
m l,256
arp,256
ogy,256
uid,255
 eu,255
gor,255
rto,255
t ;,254
rci,254
glo,254
pou,254
ocr,253
m r,253
; i,253
esh,252
wle,252
fut,251
dru,251
deg,251
eap,251
nsh,251
k b,250
: t,250
"1 ,",250
- w,250
w d,249
nua,249
ppa,249
enu,248
lts,248
ecl,248
epu,248
s ?,248
ouc,248
ogn,248
lub,248
c t,247
c i,247
kel,247
r k,246
sav,246
sag,246
key,246
ewe,246
mp ,245
unk,245
ups,245
tne,245
've,245
e ?,245
stl,245
n k,244
efl,244
` f,244
u s,244
u h,243
reo,243
d -,243
joi,243
c o,242
r 1,242
' i,241
m n,241
luc,241
hly,240
' o,240
 et,240
niq,239
atm,239
lag,239
-co,239
tay,238
moc,238
obi,238
' w,237
ops,237
agu,237
fli,237
` l,236
h ',236
gna,236
ewh,236
a y,235
o v,235
iag,235
w f,235
s ),234
soo,234
sop,234
nem,234
d :,234
joy,234
fif,233
"2 ,",233
pta,233
roy,233
tsi,232
adu,232
wei,232
cog,232
uic,231
fav,231
mpi,231
ify,231
t `,230
f j,230
0 m,230
sme,229
oid,229
mbo,229
y k,229
p h,228
irr,228
oud,228
rda,228
mur,228
eon,228
d ;,227
ror,227
ng-,226
 ur,226
oks,225
mys,225
rtl,225
cca,225
pag,225
rwa,225
erw,224
eag,224
plu,224
y -,224
mol,223
acy,223
teg,223
cup,223
dor,223
aca,223
ey',222
iar,222
oly,222
civ,221
a k,221
m. ,221
bey,220
en',220
", v",220
n ;,220
wne,219
c .,219
erd,219
ltu,219
sac,218
sov,218
e ),218
w e,218
y 1,218
xim,218
l v,217
iab,217
co ,217
u m,217
? h,217
sph,217
p f,217
"0,0",217
sba,217
twi,216
tty,216
m e,216
cot,216
edl,215
rsa,215
oys,215
l's,215
ph ,215
rfu,215
nle,214
sky,214
uli,214
axi,213
nga,213
voc,213
 rh,213
odd,213
cee,213
iro,213
yro,213
itl,213
uip,212
) t,212
mpu,212
upt,212
rup,212
fy ,212
10 ,211
pus,211
oje,211
roj,211
nsa,211
p s,211
ids,210
ymp,210
opt,210
viv,210
edo,210
 15,209
adj,209
sud,209
rfe,209
lav,209
ub ,208
rho,208
kep,208
ego,208
obv,208
yan,207
bvi,207
o ',207
bad,207
"0 ,",207
i m,207
abr,207
; b,207
reb,207
e'd,206
 4 ,206
n (,206
mew,206
 ut,206
ud ,205
-in,205
oso,205
eou,205
sie,205
upl,205
ums,204
; h,204
uci,204
nny,204
eha,203
enr,203
smo,203
rba,202
. .,202
isf,202
a's,202
` g,202
tt ,202
eks,202
asy,202
lds,202
s 1,201
ova,201
rui,201
lm ,200
h y,200
afe,200
dil,200
s q,200
dim,200
gia,199
seq,199
dal,199
. ),199
sex,198
erb,198
.s.,198
( 1,198
jur,198
gas,198
y ;,197
a. ,197
t 1,197
gol,197
( t,197
atl,197
obb,196
ipm,196
wav,196
"i ,",196
dog,196
kle,196
we',196
 ps,195
? w,195
n `,195
pok,195
vy ,195
 20,195
hio,194
ryt,194
ewa,194
p b,193
0 a,193
abe,193
mum,193
dr.,193
i f,193
wic,192
lep,192
eps,192
tum,192
ifu,192
fan,192
tap,191
due,191
mir,191
lme,191
lta,191
jew,191
o j,191
oms,191
i k,190
g. ,190
ayb,190
cab,190
r -,190
umi,190
960,190
oal,190
uge,190
lki,190
pid,190
xed,189
obt,189
yar,189
nfu,189
k p,188
tus,188
tiz,188
nqu,188
c f,188
gho,188
arv,188
re',188
le-,188
rmu,187
stm,187
g y,187
 a.,187
lys,187
ipt,187
eyo,187
uou,187
r `,187
e 2,187
hru,186
dne,186
50 ,186
vas,186
nac,185
n. ,185
ghl,185
tam,184
sna,184
eto,184
kly,184
hme,184
 $1,184
rbe,184
) i,183
-st,183
m g,183
. 2,183
i'l,182
- s,182
usp,182
", k",182
oxi,182
nol,182
rgu,182
' -,181
ixt,181
rdl,181
avy,181
k m,181
bta,181
acu,181
dai,181
lyi,181
a `,181
d 1,180
ne-,180
c r,180
gme,180
doi,180
isk,180
n' ,179
c d,179
enj,179
azi,179
u.s,178
hec,178
ebr,178
ocu,178
nos,178
hbo,178
ye ,178
30 ,178
- h,178
c m,177
ilm,177
ifo,177
asn,176
` r,176
yse,176
c e,176
t ?,176
hab,176
- o,176
ibr,176
tev,176
bun,176
uel,175
' s,175
via,174
 12,174
 30,174
d q,174
ttr,174
i g,173
nuc,173
uls,173
psy,173
ucl,172
2 .,172
xpa,172
rsu,172
w l,171
rbo,171
0 .,171
nai,171
uty,171
st.,170
mps,170
upi,170
w r,170
sad,170
1 .,170
i r,170
owd,170
usb,170
 ko,169
nsf,169
rpe,169
u d,169
( s,169
pia,169
nyo,169
yle,169
oya,169
i l,169
mob,168
. v,168
cow,168
eol,167
ymb,167
dig,167
nd-,167
"u ,",167
fly,167
ghb,167
nad,166
wth,166
f `,166
i b,166
mba,166
adl,166
imb,165
re-,165
gag,165
uan,165
ych,165
a j,164
unf,164
izi,164
njo,164
ox ,164
: a,164
noo,164
n :,164
aba,163
 16,163
kit,163
ti-,163
hib,163
dju,163
-fi,163
bud,163
 & ,163
tla,162
mn ,162
bbe,162
? a,162
k ',162
 oh,162
r ;,162
194,162
noc,162
c w,162
0 p,162
aun,161
aur,161
ggl,161
-de,161
ppy,161
opr,161
nli,161
wly,161
. 1,161
dvi,161
? s,161
azz,160
awn,160
u ',160
61 ,159
lto,159
-se,159
nju,159
jan,159
owt,159
sof,159
syc,159
nod,159
oan,158
neo,158
hia,158
shm,158
uie,158
rbi,158
yal,158
uly,158
lo ,158
ubb,157
lur,157
 ul,157
 mc,157
emy,157
orb,157
cea,157
uag,157
h u,157
afr,156
imo,156
ybe,156
ag ,156
max,156
alc,156
env,156
jes,156
rco,156
gno,156
osa,155
- b,155
c b,155
roi,155
umn,155
ggi,155
reh,155
orw,155
ofi,155
ah ,155
ar-,155
dve,154
neu,154
t q,154
w ',154
hoi,154
htl,154
` e,153
tip,153
oof,153
saf,153
nob,152
rls,152
t (,152
igg,152
edd,152
a ',152
eho,152
a q,152
sda,151
tue,151
g v,151
vey,151
o. ,151
inh,151
aym,151
u'r,151
uds,151
0 t,150
asc,150
dso,150
ne',150
20 ,150
nt',150
sne,150
aws,149
lva,149
dd ,149
cry,149
ffa,149
nui,149
rg ,149
sfu,149
oas,148
-li,148
 ep,148
rmy,148
ixe,148
nef,148
e. ,148
tmo,147
omy,147
mut,147
kni,147
tyl,147
deb,147
vac,147
 17,147
nva,147
oe ,146
dli,146
taf,146
-fo,146
sap,146
ptu,145
pau,145
15 ,145
ssf,145
tfu,145
 oi,145
xac,145
sew,145
shu,145
cqu,145
uer,145
 ah,144
tau,144
d (,144
nas,144
og ,144
jam,144
acq,144
"3 ,",144
odo,144
st-,144
eis,143
kat,143
h v,143
ico,143
xer,143
lap,143
kid,143
fix,143
dry,142
 5 ,142
r 2,142
eut,142
jou,142
idl,142
1 ),142
k d,142
fid,141
ald,141
bso,141
961,140
eba,140
rik,140
rgy,140
utr,140
sno,140
abb,140
oem,139
nuf,139
dwa,139
l k,139
100,139
lua,139
lph,138
asa,138
mia,138
mfo,138
; s,138
tub,138
c l,137
.m.,137
 25,137
ehe,137
tli,137
mec,137
nak,137
e-s,137
lco,136
pse,136
usc,136
aze,136
"5 ,",136
rox,136
m u,136
eec,136
-ma,136
ybo,135
o `,135
dav,135
-to,135
quo,134
omf,134
nus,134
xpo,134
y-f,134
o's,134
12 ,133
a u,133
n ),133
' c,133
p ',133
nav,133
ube,133
liq,132
tei,132
pis,132
ufa,132
umo,131
adn,131
yel,131
irg,131
p c,131
swa,131
hyp,131
pab,130
ipe,130
c h,130
r (,130
shr,130
 od,130
ryo,130
oh ,129
hak,129
nha,129
 cy,129
olt,129
( b,129
 dy,129
ddr,129
rgo,129
cub,128
exh,128
cag,128
rps,128
-th,128
 p.,128
bt ,127
"8 ,",127
hti,127
bom,127
 s.,127
hau,127
u g,127
 50,127
oui,127
uta,127
' ',126
e-c,126
utc,126
rpl,126
ndy,126
deq,126
ce-,126
ubm,126
sas,126
o 1,126
nn ,126
bos,126
rud,126
-ye,126
 11,125
) w,125
k l,125
coc,125
bbi,125
u k,125
dut,125
ifl,125
gus,125
tib,125
xcl,125
i'v,125
n ?,125
j. ,124
wns,124
b. ,124
y ?,124
25 ,124
g -,124
y `,124
rs',124
hle,123
ebo,123
h's,123
jul,123
buy,123
p m,123
 j.,123
lew,122
p. ,122
k u,122
rla,122
ilu,122
uy ,122
t :,122
osc,122
 aj,122
oze,122
 e.,122
zz ,122
nnu,122
gns,122
 ox,122
x a,121
3 .,121
 c ,121
goa,121
ebe,121
2 ),121
lod,121
ug ,121
hoe,121
lne,121
vag,121
gea,121
mb ,120
"x ,",120
hug,120
diu,120
hma,120
thl,119
mst,119
-mi,119
fet,119
lob,119
aj ,119
ckn,119
p p,119
ias,118
box,118
g j,118
-pr,118
ypo,118
noi,117
 ae,117
 ly,117
nkl,117
inj,117
inq,117
eg ,117
nap,117
nfr,117
w n,117
eys,117
e 3,116
eil,116
rlo,116
hev,116
scl,116
pun,116
buc,116
59 ,116
 o',116
f k,116
t ),116
au ,116
zer,116
' p,116
j .,115
! t,115
n 2,115
eei,115
odg,115
l j,115
gie,115
pto,115
rcl,115
nfa,115
m's,114
amu,114
ahe,114
u p,114
k y,114
 6 ,114
rwi,114
lma,114
xec,114
sif,114
poc,114
4 .,113
ee-,113
alv,113
b a,113
vea,113
tma,113
olk,113
seg,113
och,112
chl,112
rej,112
d. ,112
r ),112
en-,112
x w,112
kab,112
ulo,112
-ra,112
t 2,112
58 ,112
vet,111
wsp,111
haw,111
or',111
roe,111
ssm,110
xes,110
y :,110
spu,110
ngo,110
sfa,110
utl,110
meo,110
yne,110
mie,109
egg,109
fty,109
( w,109
hwa,109
( i,109
; o,109
k's,109
dip,109
e'l,108
sfe,108
iny,108
lsi,108
hns,108
xci,108
) o,108
cka,108
hay,108
' m,108
959,107
jaz,107
gum,107
gaz,107
mly,107
et',107
192,107
"9 ,",107
hud,107
hut,107
 8 ,106
esm,106
isu,106
y (,106
k r,106
esn,106
 b.,106
chm,105
x o,105
", 2",105
 b ,105
d ),105
axe,105
v. ,105
ba ,105
igo,105
sau,105
"00,",105
- f,105
fru,105
raz,104
goe,104
gib,104
zzl,104
abu,104
elc,104
k e,104
erk,104
i'd,104
 2:,104
efr,104
enh,104
 ig,104
tfo,104
fs ,104
hif,104
dau,104
wir,104
pts,103
rka,103
obo,103
ugu,103
h j,103
( f,103
 eg,103
-cl,102
( c,102
icr,102
mix,102
-ce,102
u .,102
' f,102
mik,102
opa,102
' b,102
ow-,102
th-,102
sey,101
phr,101
onm,101
wre,101
- n,101
va ,101
b .,101
isn,101
m -,101
hid,101
5 .,101
lel,101
nri,101
uga,101
bob,101
 ze,100
mbr,100
igr,100
d 2,100
 $2,100
ivo,100
l -,100
-ha,100
syn,100
hoc,100
uba,100
"b ,",100
w g,100
dex,99
rey,99
zes,99
to-,99
u f,99
aco,99
lfr,98
cof,98
unp,98
 14,98
veh,98
h. ,98
nhe,98
( o,98
hra,98
"7 ,",98
itr,98
ypi,98
esd,97
nsl,97
rru,97
jer,97
rub,97
uzz,97
w u,97
-ti,97
pio,97
al-,97
nuo,97
f. ,97
 c.,97
elm,97
dop,97
 d.,97
' h,97
exu,97
ri ,96
lom,96
g's,96
uee,96
 io,96
jap,96
hyr,96
 kh,96
ed-,96
ni ,96
edr,96
nry,96
rtr,96
lvi,96
sab,95
itz,95
aby,95
n q,95
bow,95
oam,95
yee,95
bib,95
"4 ,",95
958,95
fab,95
i p,95
awl,95
hyd,94
r q,94
 7 ,94
lyn,94
jon,94
ydr,94
bid,94
zon,94
auc,94
lro,94
-pa,94
cod,94
ka ,94
in-,94
isd,94
ulf,94
alb,93
-lo,93
unr,93
; w,93
ev ,92
tos,92
dgm,92
m 1,92
acl,92
url,92
yli,92
olm,92
bay,92
soi,92
ffl,92
oco,92
-ca,92
l. ,92
193,92
r ?,92
i .,92
nho,92
ay',92
. 3,92
li ,91
-up,91
atf,91
-te,91
11 ,91
500,91
kir,91
-re,91
rt-,91
ywa,91
xch,91
sa ,91
 40,91
r :,91
uad,91
 13,91
tts,91
lao,90
u'l,90
 ji,90
urk,90
-of,90
eru,90
gh-,90
cav,90
rp ,90
-wa,90
191,90
y ),90
bbl,90
o q,90
ebu,90
f ',90
: i,90
w. ,90
seu,90
upr,90
eov,90
- m,90
lpe,90
. ',89
! h,89
apr,89
slu,89
g `,89
l q,89
pip,89
arf,89
 w.,89
d ?,89
fau,89
oga,88
ios,88
14 ,88
oym,88
thw,88
gnm,88
- `,88
"6 ,",88
bio,88
xic,88
wde,88
hlo,88
le',87
eez,87
es',87
mam,87
 kr,87
bag,87
tob,87
wak,87
ogs,87
lak,87
hty,87
fem,87
 ic,87
) s,87
htf,87
anx,87
ty',87
nre,87
bis,87
rb ,86
ux ,86
kli,86
unu,86
epp,86
wo-,86
e-t,86
foc,86
0 f,86
xhi,86
ywh,86
ndm,86
riu,86
40 ,86
nyw,86
lug,86
 gy,86
xon,86
foa,85
1 t,85
shc,85
khr,85
coi,85
itn,85
rdy,85
x c,85
b o,85
ido,84
ayo,84
 24,84
leb,84
nur,84
-sh,84
vig,84
u b,84
hch,84
ac ,84
( e,84
tso,83
ve-,83
u i,83
- e,83
ldl,83
ld',83
ddy,83
 60,82
awi,82
xti,82
lcu,82
orh,82
nxi,82
e-e,82
kis,82
lux,82
gil,82
ntm,82
xas,82
aos,82
jum,82
dab,82
eaf,82
dy',82
u l,81
dyi,81
cky,81
g ;,81
eab,81
ilr,81
b t,81
l ;,81
` u,81
ulk,81
` j,81
urm,81
nt-,81
kie,81
sip,80
rys,80
ry',80
ius,80
-da,80
myt,80
eje,80
( 2,80
 yi,80
fib,80
-po,79
eze,79
eke,79
 h.,79
ilk,79
kar,79
rcr,79
jen,79
seb,79
pa ,79
x i,79
laz,79
 **,79
5 m,79
ld-,79
p d,79
teo,79
ayn,79
- p,79
uiv,79
pik,79
gru,79
wye,78
sef,78
9 .,78
rau,78
elu,78
u o,78
ieu,78
3 ),78
ubu,78
t $,78
unw,78
y q,78
y-s,78
miz,78
 - ,78
esk,78
st',78
h -,78
 22,78
i's,78
 jr,77
mok,77
.c.,77
usn,77
 t ,77
tuc,77
egs,77
doz,77
t-t,77
gif,77
aer,77
i o,77
m v,77
; f,77
zle,77
mbu,77
ssl,77
-an,77
bie,77
-ho,77
13 ,77
usy,77
 m.,77
jr.,77
 21,76
iki,76
0 i,76
- c,76
bak,76
i n,76
ymo,76
-ro,76
ryb,76
jos,76
r-o,76
rah,76
cci,76
y-t,76
joe,76
x t,76
swo,76
s 2,76
 p ,76
co-,76
-si,76
a ),75
uor,75
bby,75
esa,75
emm,75
1 a,75
ckg,75
kgr,75
s's,75
git,75
xua,75
x .,75
enf,75
n 3,75
e-d,75
th',74
' d,74
sfo,74
meh,74
y 2,74
? o,74
guy,74
0 ),74
c v,74
du ,74
olf,74
feb,74
di ,74
zy ,74
syl,74
e-f,73
-gr,73
16 ,73
zar,73
 ax,73
iot,73
ga ,73
t 3,73
te',73
-di,73
rml,73
kan,73
rtn,73
asm,73
", ,",73
-bo,73
oit,73
k g,73
fyi,73
ll',73
isr,73
dwi,73
ig.,72
lks,72
uet,72
lax,72
! a,72
pth,72
i-s,72
 i.,72
e-p,72
18 ,72
o-s,72
thm,72
p l,72
upa,72
l (,72
c n,71
( h,71
oxy,71
ltr,71
meb,71
cef,71
mud,71
edw,71
0 s,71
24 ,71
loi,71
pso,71
gry,71
unh,71
", 3",71
reu,71
6 .,71
xan,71
? m,71
dot,71
( p,71
ugl,71
eny,71
nca,71
-ol,71
awy,70
yno,70
emn,70
etl,70
wet,70
: s,70
200,70
u. ,70
e-a,70
lgi,70
yna,70
ycl,70
cet,70
21 ,70
tz ,70
h k,70
 23,70
( m,70
amn,70
sks,70
izz,69
pty,69
ohi,69
m ;,69
0 y,69
mi ,69
h ;,69
sbu,69
c u,69
cyc,69
nwa,69
e !,69
sak,69
yra,69
lbo,69
maz,69
mbs,69
rd',69
tet,69
t 4,68
ubi,68
) h,68
 f.,68
nbe,68
uot,68
ogg,68
dqu,68
u n,68
ffs,68
edn,68
lmi,68
22 ,68
otl,68
m j,68
a 1,68
 0.,68
y'r,68
 r.,68
pup,68
7 .,68
r-c,68
onj,67
u'v,67
dsh,67
c g,67
adq,67
lei,67
oak,67
 os,67
-wi,67
rby,67
aks,67
ti ,67
", q",67
-tr,67
vou,67
xtu,67
an-,67
tul,66
uln,66
opy,66
-fa,66
-le,66
yri,66
r-a,66
ht-,66
bia,66
n-s,66
c ',66
dho,66
 dw,66
gst,65
-he,65
dma,65
17 ,65
ncu,65
tsu,65
b w,65
yie,65
or-,65
sth,65
-sa,65
fts,65
uve,65
sms,65
p.m,65
rdo,65
dwe,65
eef,64
nwi,64
f-c,64
hae,64
gos,64
.n.,64
ogu,64
-be,64
buf,64
yti,64
xin,64
eda,64
eby,64
e'r,64
dap,64
( d,64
n-a,64
alp,64
r-s,64
ry-,64
eum,64
leo,64
soa,64
toe,64
zab,64
o-c,64
ipi,64
wd ,64
sax,64
57 ,64
54 ,64
deo,63
vei,63
vab,63
coh,63
lbe,63
d $,63
ae ,63
2:3,63
-ba,63
' r,63
u.n,63
rhe,63
p u,63
iry,63
hno,63
h-c,63
lui,63
dew,63
bsc,63
ei ,63
no.,63
-we,63
ar',63
! i,63
tyr,62
 9 ,62
ts',62
tst,62
5 p,62
) b,62
c ),62
nil,62
fog,62
r 3,62
ab ,62
. -,62
0 c,62
izo,62
' (,62
dyn,62
oln,62
? c,62
r $,62
aya,62
dum,62
; (,61
1/2,61
ugs,61
nsy,61
: h,61
ggr,61
p r,61
wl ,61
gim,61
nau,61
23 ,61
. 7,61
xio,61
 1/,61
lfi,61
i i,61
boi,61
-ch,61
mah,61
 70,61
ck-,61
 $5,61
f $,61
dos,61
ryl,60
ybu,60
rca,60
umu,60
e-l,60
0% ,60
ngh,60
gou,60
-su,60
ulp,60
jim,60
! s,60
 ts,60
of-,60
ss-,60
0 o,60
i e,60
kso,60
adr,60
tv ,60
mne,60
fth,60
mex,60
hwe,60
moi,60
5 ),60
ldo,60
-mo,60
tba,60
ayt,59
p e,59
l 1,59
lfa,59
onu,59
roh,59
ly-,59
; m,59
egl,59
ocl,59
dst,59
anl,59
awk,59
bum,59
unb,59
ki ,59
8 .,59
hfu,59
bma,59
: 1,59
oyi,59
gha,59
kwa,59
-la,59
kfa,59
hm ,58
ghw,58
 om,58
", '",58
aqu,58
sfi,58
 gh,58
t-s,58
e 4,58
nd',58
sei,58
kay,58
rph,58
ibb,58
rur,58
g-r,58
o $,58
"5,0",58
w j,58
akf,58
kic,58
vul,58
hov,58
o-o,58
uab,58
rua,58
wim,58
tc.,58
wra,58
-so,58
m y,58
oko,58
( r,58
l-t,58
xie,58
. 4,58
? b,58
rvo,57
 $3,57
 l.,57
b ),57
190,57
ov ,57
de-,57
-fr,57
! `,57
. 5,57
aza,57
rd-,57
bmi,57
0 b,57
kor,57
gau,57
hnn,57
a.m,57
hoa,57
31 ,57
35 ,57
e 7,57
fti,57
id-,57
m `,57
axo,57
k n,57
 n.,57
mey,56
n-c,56
enz,56
sob,56
kon,56
 oa,56
e-o,56
pi ,56
ofo,56
niu,56
inm,56
ro-,56
kag,56
mm ,56
o -,56
w v,56
ylo,56
lge,56
a (,56
x m,56
' ;,56
ecc,56
ldh,56
: w,56
27 ,55
utp,55
e-h,55
rhy,55
tca,55
b s,55
nns,55
vad,55
eki,55
ngf,55
-en,55
yla,55
bic,55
tid,55
aic,55
d-s,55
lst,55
"z ,",55
-do,55
e-b,55
) f,55
", (",55
; n,54
mcc,54
ssy,54
caf,54
eog,54
s !,54
nkn,54
.5 ,54
te-,54
ilg,54
h 1,54
-sc,54
n-t,54
dun,54
70 ,54
ck',54
g q,54
f-d,53
en.,53
f 2,53
0's,53
h `,53
o'c,53
( n,53
ryw,53
od',53
ulm,53
tup,53
nsm,53
- r,53
-sp,53
x s,53
thf,53
ccl,53
ulu,53
nla,53
e 5,53
toi,53
e-m,53
` v,53
ynt,53
aha,52
lil,52
' l,52
wol,52
" 1,",52
s 3,52
tef,52
ec ,52
azy,52
ylv,52
ha ,52
ptl,52
ckw,52
ge-,52
' e,52
dhe,52
ulg,52
nop,52
ayl,52
hyt,52
kof,52
; p,52
onk,52
lyt,52
se-,52
dox,52
eud,52
akn,52
okl,51
yce,51
4 ),51
ln ,51
55 ,51
ut-,51
lpi,51
l ),51
fos,51
lym,51
fug,51
nyb,51
l `,51
haz,51
glu,51
hew,51
56 ,51
agm,51
fia,51
wad,51
osu,51
otm,51
 26,51
ipu,51
52 ,51
300,51
cim,51
udo,51
nlo,50
irp,50
? d,50
tew,50
lyz,50
awe,50
bbo,50
 d ,50
iba,50
btl,50
cko,50
-dr,50
cig,50
tco,50
26 ,50
( 3,50
957,50
u e,50
pst,50
a 2,50
aes,50
g (,50
od-,50
r-p,50
mab,50
tuf,50
ghi,50
utd,50
80 ,50
x p,50
es-,50
eus,49
osm,49
sp ,49
-al,49
tiq,49
d-t,49
o 2,49
ng',49
x b,49
19 ,49
vok,49
189,49
2 m,49
sod,49
odr,49
.e.,49
aty,49
62 ,49
oc ,49
thd,49
wpo,49
kst,49
5 a,49
ael,49
 27,49
rgr,49
tlo,49
g :,49
das,49
-ex,49
swu,49
awr,48
twa,48
pad,48
tui,48
uo ,48
sdi,48
onr,48
lya,48
unm,48
hag,48
-op,48
ewp,48
co.,48
- d,48
-pl,48
mmy,48
ucy,48
) p,48
zie,48
f-s,48
) c,48
usk,48
wun,48
d-l,48
ez ,48
45 ,48
uda,48
 ok,48
rkn,48
wnt,47
nym,47
yho,47
coe,47
gyr,47
teu,47
hne,47
tpu,47
yge,47
tze,47
xyg,47
dib,47
-je,47
pt.,47
d-f,47
0 w,47
gid,47
 vu,47
y-o,47
xty,47
bte,47
u r,47
map,47
za ,47
pam,47
- y,47
 zo,47
uke,47
g ?,47
bsi,47
bap,47
48 ,47
954,47
ftl,47
t-o,47
ewo,47
d 3,47
e $,47
ic-,47
53 ,47
**y,46
ilb,46
lul,46
jug,46
ns',46
cue,46
 q ,46
pig,46
f q,46
; d,46
ssr,46
t-h,46
et-,46
) ;,46
ruf,46
at-,46
i u,46
2 t,46
mog,46
'cl,46
; c,46
alg,46
sh-,46
llm,46
ay-,46
mau,46
-ta,46
hi ,45
adc,45
oru,45
lch,45
mns,45
egy,45
t !,45
ffu,45
aka,45
oir,45
sdo,45
chy,45
adw,45
yn ,45
nhi,45
wep,45
rc ,45
 31,45
tuo,45
dme,45
34 ,45
 zi,45
 oe,45
lms,45
kho,45
hog,45
b i,45
f ),45
29 ,44
2 a,44
ioc,44
n-p,44
- l,44
x f,44
eug,44
6 a,44
.a.,44
ska,44
tdo,44
-ne,44
yma,44
' ),44
xib,44
oed,44
75 ,44
n !,44
kma,44
0 d,44
otb,44
g k,44
nro,44
itm,44
t 6,44
cob,44
 35,44
 g.,44
: (,44
m (,44
puz,44
/2 ,44
pod,44
kla,43
i.e,43
isg,43
ndf,43
ny',43
65 ,43
r-m,43
al',43
ywo,43
ggs,43
'em,43
e-w,43
-ac,43
haf,43
eiz,43
el',43
me-,43
 'e,43
llp,43
$10,43
"v ,",43
lyr,43
wni,43
p g,43
ia',43
ssn,43
 80,43
t 5,43
nkf,43
cui,42
oel,42
nik,42
ksh,42
-cr,42
 $4,42
npo,42
eic,42
phs,42
ewl,42
irk,42
gym,42
roz,42
! w,42
gg ,42
npl,42
rsd,42
kfu,42
xcu,42
8 ),42
28 ,42
400,42
-ou,42
uac,42
shl,42
-or,42
t-d,42
oer,42
igs,42
- g,42
 o.,42
ndb,42
dgi,42
myr,42
dca,42
r-t,42
seh,42
gma,42
eid,41
iog,41
ch-,41
g-t,41
a e,41
n-l,41
ov.,41
e-i,41
rbs,41
h (,41
pru,41
vec,41
ckh,41
so-,41
d-b,41
obu,41
hym,41
n-m,41
` k,41
) r,41
tfi,41
rqu,41
hyl,41
; l,41
g ),41
"1,0",41
yze,41
-br,41
iph,41
h q,41
-me,41
sro,41
m ?,40
7 a,40
s $,40
oxe,40
l ?,40
am',40
. q,40
uai,40
wma,40
wsh,40
", 4",40
o ?,40
elg,40
e z,40
n $,40
yto,40
pum,40
apl,40
adh,40
l-c,40
nwh,40
) d,40
oqu,40
lyw,40
-ni,40
nbu,40
rak,40
jea,40
owh,40
 1.,40
b ',40
nip,40
lln,40
 e ,40
l-b,40
gee,40
 tv,40
anv,40
) m,40
",50",40
zza,40
' g,39
lpa,39
lry,39
enw,39
jol,39
-on,39
:30,39
gay,39
o ;,39
cyl,39
p y,39
ohm,39
rsp,39
4 a,39
- 1,39
w -,39
oty,39
; e,39
jet,39
ch',39
jok,39
? n,39
anh,39
stw,39
k -,39
' n,39
e 6,39
iac,39
suo,39
wn',39
aux,39
pfu,39
psi,39
wip,39
bai,39
lho,39
igm,39
zzi,39
46 ,39
veg,38
htn,38
-1/,38
8 a,38
36 ,38
jef,38
rbl,38
hth,38
( l,38
mue,38
lal,38
mna,38
dbu,38
ohe,38
nma,38
5 t,38
181,38
 r ,38
 28,38
ilh,38
by-,38
ur-,38
 py,38
byr,38
chw,38
-ga,38
asl,38
 2-,38
xha,38
f 3,38
ilv,38
cac,38
: m,38
x r,38
nza,38
osh,38
 n ,38
ovo,38
m :,38
h-s,38
oyc,38
i j,38
ec.,38
hac,38
inb,38
& s,38
t-l,38
esb,37
t-f,37
dup,37
186,37
jar,37
.1 ,37
 2.,37
aor,37
hli,37
xur,37
rao,37
tsm,37
: c,37
xem,37
e-r,37
eom,37
f ;,37
pwa,37
' `,37
t-c,37
uph,37
0 l,37
lye,37
00-,37
lix,37
rpa,37
ot-,37
t-w,37
ao ,37
3 t,37
1 s,37
rr ,37
-ey,37
( `,37
a ;,37
b f,37
- u,37
t-a,37
koh,37
dag,37
uys,37
axp,37
lpl,37
-bu,37
pav,36
. ;,36
: d,36
gab,36
bug,36
. 6,36
huc,36
cht,36
aho,36
i ',36
2 p,36
.g.,36
awf,36
bev,36
 f ,36
ebt,36
bub,36
o'b,36
-ag,36
efs,36
? f,36
w's,36
tsh,36
: p,36
ags,36
hub,36
xth,36
eoc,36
gyp,36
t-b,36
owb,36
3 a,36
ex-,36
dth,36
a $,36
kad,36
shy,36
lps,36
37 ,36
-pe,36
ymn,36
hul,36
npr,36
u'd,36
'ba,35
h-p,35
yte,35
% o,35
32 ,35
 75,35
188,35
o-t,35
-vi,35
 34,35
962,35
-ru,35
is',35
-bl,35
ixo,35
upw,35
kol,35
rgh,35
meg,35
anw,35
liu,35
uno,35
ke-,35
 lb,35
xid,35
 pt,35
-go,35
wli,35
bi ,35
nn',35
) -,35
( g,35
uh ,35
voy,35
? r,35
nix,35
a -,35
0-d,35
k j,35
atn,35
0 h,35
 29,34
 iv,34
uas,34
ciz,34
rex,34
yll,34
9 ),34
 $7,34
otc,34
-ty,34
sot,34
dda,34
lpf,34
y'l,34
e'v,34
leu,34
kup,34
fum,34
iml,34
osl,34
 38,34
dys,34
k. ,34
rsy,34
600,34
51 ,34
-am,34
enb,34
 $6,34
800,34
bb ,34
? y,34
47 ,34
jua,34
g 1,34
hiv,34
 ry,34
3 m,34
uak,34
xag,34
-im,34
tok,34
e.g,34
f 4,34
**z,34
el-,34
dfu,34
lpt,34
klo,34
inp,34
1 m,33
wbo,33
daw,33
p's,33
kyw,33
185,33
.3 ,33
naz,33
f's,33
isb,33
fon,33
: f,33
g-j,33
orf,33
-wo,33
1 p,33
ndw,33
5% ,33
ypt,33
x d,33
eo ,33
azo,33
oka,33
 mg,33
; y,33
m k,33
ubo,33
n &,33
? p,33
r-l,33
ckm,33
toa,33
x h,33
wiv,33
mni,33
amy,33
nud,33
esq,33
dad,33
uum,33
t-i,33
naw,33
l-s,33
42 ,33
05 ,32
ogl,32
6 ),32
lkn,32
l-r,32
uxu,32
he-,32
 ug,32
( u,32
s-c,32
m ),32
d-o,32
zg ,32
*zg,32
ngd,32
utf,32
mi-,32
8 m,32
lga,32
4 t,32
 ek,32
wfu,32
kri,32
; r,32
0 r,32
952,32
gdo,32
cly,32
rwh,32
y'd,32
nog,32
n 4,32
38 ,32
.2 ,32
ht',32
udl,32
& o,32
smu,32
it-,32
ie',32
ai ,32
r-r,32
uyi,32
dlo,32
3 p,32
sko,32
h ),32
sgu,31
5 y,31
rya,31
cay,31
eim,31
ibo,31
ow',31
hdr,31
kim,31
950,31
d 4,31
p n,31
otr,31
1 i,31
 v.,31
arw,31
7 ),31
nyi,31
dmo,31
) e,31
49 ,31
ho',31
2 o,31
axa,31
rae,31
ghs,31
tni,31
dac,31
lo-,31
33 ,31
yl ,31
sre,31
r 4,31
o 5,31
44 ,31
kip,31
tsb,31
rbu,31
gap,31
 6-,30
n 5,30
 36,30
! b,30
 90,30
 t.,30
euv,30
luo,30
p ;,30
ct.,30
rsk,30
mae,30
sbo,30
nae,30
npa,30
$50,30
x's,30
ik ,30
oap,30
exo,30
-pi,30
bsu,30
fad,30
mo ,30
ce',30
b c,30
.d.,30
n-b,30
 45,30
"10,",30
nzy,30
-pu,30
10-,30
gfu,30
pep,30
-by,30
emu,30
rfi,30
ru ,30
rpi,30
k ;,30
dsc,30
ixi,30
"$1,",30
-hu,30
ii ,30
tad,30
iad,30
900,30
idw,30
bam,30
dvo,30
ckt,30
y 3,30
o-d,30
xit,30
rdw,30
t 8,29
eof,29
mle,29
"2,0",29
onq,29
lgh,29
-tw,29
miu,29
: b,29
ofa,29
43 ,29
hiz,29
se',29
sfy,29
efa,29
guo,29
d-w,29
184,29
npu,29
un-,29
. 8,29
b h,29
eah,29
- j,29
956,29
rpt,29
tpo,29
lkl,29
-hi,29
ohl,29
 3.,29
eeb,29
eeg,29
) 2,29
kru,29
0th,29
jaw,29
dni,29
ekl,29
s 4,29
v a,29
955,29
: r,29
5 c,29
rt',29
ss',29
? e,29
ghm,29
 yu,29
", -",29
 $8,29
aln,29
olp,29
", 5",29
y !,29
0 g,28
o-w,28
e-g,28
ccr,28
t 7,28
 sb,28
hu ,28
ilw,28
180,28
fue,28
8 t,28
kta,28
la.,28
y. ,28
y-p,28
i-t,28
f (,28
-ar,28
! y,28
-kn,28
", 6",28
f -,28
5 f,28
o-a,28
-a-,28
noy,28
oev,28
eju,28
iom,28
? l,28
gad,28
n-f,28
l :,28
rmt,28
mth,28
b b,28
p -,28
eun,28
lah,28
0-y,28
lba,28
gut,28
gnt,28
bts,28
y-m,28
kow,28
ft-,28
f-h,28
nwe,28
wig,28
2 c,28
07 ,28
hl ,28
: o,28
odl,28
nje,28
 5-,28
fev,28
y-n,28
pov,27
zli,27
paw,27
0-m,27
f-p,27
pue,27
 32,27
: :,27
ya ,27
41 ,27
vow,27
toy,27
hob,27
-fl,27
d-r,27
 v ,27
io-,27
 4-,27
kyo,27
fay,27
-ri,27
npi,27
afa,27
 x-,27
e &,27
lfe,27
ey-,27
! m,27
953,27
no-,27
stp,27
7 p,27
's-,27
2 i,27
 d',27
buz,27
r 5,27
do-,27
onz,27
 37,27
nul,27
eyn,27
tav,27
k v,27
r-e,27
owm,27
2 s,27
giz,27
kei,27
dt ,27
jai,27
-na,27
0 -,27
w ?,27
svi,26
ipo,26
$20,26
onp,26
bog,26
oag,26
kew,26
cuu,26
pef,26
90 ,26
l-k,26
1 (,26
7th,26
utb,26
1 :,26
foi,26
 o ,26
dod,26
p ),26
zan,26
-el,26
enk,26
160,26
 mm,26
eya,26
t-r,26
f-e,26
6 p,26
tmi,26
r-h,26
yco,26
hr ,26
tgo,26
diz,26
elk,26
4 m,26
. 9,26
v s,26
fe',26
hok,26
l 2,26
eev,26
oky,26
vau,26
ouv,26
ibs,26
 wy,26
i-c,26
250,26
hms,26
( j,25
o (,25
bry,25
gow,25
rwe,25
m 2,25
eot,25
psa,25
dds,25
ggy,25
gga,25
oho,25
 cm,25
rf ,25
lfu,25
f-m,25
nka,25
187,25
ue-,25
iko,25
dha,25
djo,25
iaz,25
mli,25
ciu,25
idt,25
oa ,25
dug,25
1 b,25
f 7,25
ubd,25
9 a,25
ca',25
rwo,25
d.c,25
elb,25
ckp,25
d 6,25
d-u,25
u u,25
ckb,25
-ow,25
k k,25
s-f,25
odn,25
; j,25
85 ,25
104,25
ug.,25
yo ,25
e 8,25
loe,25
hn',25
) n,25
upy,25
e x,25
yab,25
ad-,25
d !,25
aiv,25
ezi,25
nun,25
cun,25
ndt,25
rnp,25
ctm,25
rcy,25
ndn,25
" 2,",25
yag,25
 $.,25
ewt,24
z a,24
kov,24
ugo,24
kka,24
r-d,24
lka,24
y $,24
loq,24
l-i,24
9th,24
-1 ,24
-19,24
ra-,24
e 9,24
cni,24
d-c,24
-va,24
lra,24
ek-,24
f-a,24
onw,24
y-e,24
shn,24
x-r,24
n 6,24
2:0,24
920,24
l-w,24
sby,24
tov,24
n 7,24
sbe,24
fuc,24
sra,24
dwo,24
kou,24
 3-,24
ax-,24
uso,24
sni,24
t-m,24
nib,24
ucr,24
kal,24
pki,24
ulc,24
btf,24
saa,24
h ?,24
d 7,24
peg,24
t'l,24
ev.,24
4 p,24
bo ,24
hef,24
-c ,24
 42,24
eup,24
n-w,24
t-g,24
oyd,24
ff-,23
ahm,23
 h ,23
 b',23
pom,23
 aq,23
kwo,23
ikk,23
0 e,23
nze,23
feu,23
178,23
: n,23
wax,23
mwe,23
h :,23
nep,23
0 ;,23
omw,23
o 3,23
aii,23
2 w,23
 1-,23
-fe,23
lol,23
btr,23
ddh,23
01 ,23
rkl,23
ayr,23
irw,23
! c,23
ffr,23
"3,0",23
03 ,23
kna,23
183,23
r 6,23
ieg,23
.8 ,23
yok,23
8 p,23
tga,23
z .,23
rk',23
yre,23
l-l,23
egm,23
ewb,23
vap,23
nsk,23
-wh,23
ymm,23
ejo,23
noe,23
6 m,23
etm,23
wok,23
: e,23
lyc,23
an.,23
5 b,23
8th,23
dub,23
osy,22
lb ,22
o 4,22
'di,22
d 8,22
llw,22
c's,22
 0 ,22
 b-,22
 s ,22
mim,22
my',22
4 o,22
ff',22
hao,22
v w,22
lb.,22
b.c,22
ogo,22
adg,22
tbo,22
aeo,22
r-b,22
x y,22
anf,22
gom,22
h 2,22
sru,22
lsk,22
dik,22
oy',22
948,22
nra,22
b'd,22
 kl,22
7 m,22
f 5,22
xy ,22
zym,22
rtg,22
i-i,22
rrh,22
mra,22
neb,22
i ),22
taw,22
ke',22
rk-,22
"50,",22
anq,22
de',22
k (,22
92 ,22
cyn,22
700,22
utw,22
e-u,22
llf,22
kbo,22
 7-,22
w k,22
bau,22
a :,22
6 t,22
-ea,22
dsi,22
 um,22
l-a,22
mm-,22
kyr,22
arq,21
949,21
f-i,21
lha,21
 oy,21
g !,21
i. ,21
-bi,21
"7,0",21
kra,21
a 6,21
6 ;,21
n-d,21
wn-,21
ly',21
d z,21
kef,21
u ?,21
dc ,21
mck,21
951,21
ewr,21
xat,21
ro',21
l-f,21
.00,21
jui,21
laf,21
kjo,21
skj,21
gig,21
76 ,21
39 ,21
20-,21
lbu,21
y-w,21
95 ,21
r !,21
7 t,21
kas,21
odw,21
as',21
150,21
9 t,21
lnu,21
946,21
zee,21
irb,21
y 4,21
.p.,21
v's,21
5 o,21
lky,21
71 ,21
dix,21
ynd,21
ip',21
eod,21
hmi,21
-sl,21
siu,21
c -,21
lgr,21
5th,21
utm,21
 l',21
iep,21
huf,21
! f,21
dja,20
thp,20
thn,20
rgl,20
fox,20
( 4,20
6 i,20
rhi,20
$60,20
cib,20
5-d,20
stn,20
dfa,20
il',20
oku,20
pma,20
iez,20
nyh,20
to',20
0s ,20
dco,20
930,20
llb,20
:36,20
.4 ,20
y 5,20
m !,20
stf,20
s 5,20
o' ,20
oxf,20
bew,20
: l,20
. &,20
ri-,20
' u,20
63 ,20
xle,20
d-d,20
nc.,20
von,20
daz,20
y-c,20
zi ,20
zea,20
xfo,20
 vs,20
cuo,20
-cu,20
wa ,20
o-e,20
pew,20
 k.,20
gey,20
4 i,20
iop,20
vo ,20
esl,20
1/4,20
1 w,20
4'',20
eb.,20
.50,20
zo ,20
afl,20
e-y,20
1 c,20
 / ,20
f *,20
mop,20
4th,20
 33,20
k ?,20
o ),20
etb,20
hda,20
zoo,20
aie,20
w `,20
lyp,20
adf,20
kpi,20
ync,20
zal,20
e-n,20
icn,20
 a-,20
apy,20
b's,20
im',20
uji,20
.'s,20
( k,20
id',20
y-b,19
jay,19
lfw,19
po ,19
ndp,19
 65,19
kdo,19
wov,19
nbo,19
fwa,19
x ',19
jee,19
s 7,19
ako,19
n z,19
 4.,19
oue,19
uco,19
s-s,19
cai,19
web,19
-ci,19
y 8,19
yow,19
"40,",19
hmo,19
hik,19
gnu,19
707,19
"$2,",19
72 ,19
phl,19
cak,19
? g,19
zil,19
hna,19
jag,19
b r,19
iru,19
08 ,19
heb,19
 gn,19
agl,19
s-e,19
$1.,19
927,19
xen,19
y-l,19
o !,19
r-i,19
eml,19
0 n,19
n-g,19
zor,19
xil,19
cku,19
gfo,19
olg,19
? j,19
162,19
mug,19
zol,19
iwa,19
n-r,19
gs.,19
nba,19
tof,19
if.,19
o-m,19
dbe,19
anz,19
.6 ,19
wam,19
ngn,19
cic,19
a 5,19
) l,19
k :,19
lwo,19
vsk,19
jil,19
eh ,19
boh,19
$15,19
lu ,19
ltz,19
pud,19
z m,19
raq,19
s-i,19
ahl,19
wnw,19
yat,19
eea,19
z i,19
aue,19
h-h,19
um-,19
-em,19
) g,19
oov,18
n-v,18
-ed,18
op-,18
wul,18
awt,18
945,18
yd ,18
nsd,18
oen,18
-io,18
182,18
04 ,18
hqu,18
d-i,18
g 2,18
gog,18
awo,18
0.1,18
na',18
egn,18
ir-,18
thh,18
vib,18
cdo,18
yss,18
e *,18
m $,18
l-m,18
"25,",18
dyl,18
ntg,18
l-p,18
ebl,18
o-p,18
-un,18
yda,18
910,18
a-s,18
ss.,18
si ,18
" 3,",18
yph,18
ozo,18
-ai,18
g-s,18
( 5,18
dd-,18
unq,18
ds',18
n 8,18
 sz,18
joa,18
940,18
rkm,18
nhu,18
y-d,18
acs,18
lci,18
50%,18
kro,18
ta',18
eym,18
thq,18
jas,18
.l.,18
eyi,18
o 8,18
itf,18
cm ,18
nah,18
! ',18
nug,18
eow,18
3 i,18
110,18
-ki,18
pyr,18
.r.,18
psh,18
yni,18
; g,18
d-a,18
u's,18
ewc,18
juv,18
-as,18
n-i,18
ulb,18
d-h,18
w :,18
yeb,18
nmi,18
! o,18
snu,18
6th,18
lsh,18
l !,18
piu,18
aeu,18
kha,18
n-o,17
muf,17
edh,17
$30,17
t-p,17
wkw,17
fe-,17
xel,17
nof,17
ue',17
-ei,17
i-m,17
 ku,17
arx,17
bba,17
ubr,17
uxe,17
z w,17
dla,17
` q,17
ev',17
x e,17
neq,17
olc,17
chs,17
i-p,17
tug,17
bye,17
lpo,17
ug',17
mms,17
iks,17
khe,17
d 5,17
aje,17
gsi,17
deu,17
ssw,17
s 6,17
86 ,17
-no,17
f-b,17
i v,17
o-b,17
doa,17
ni',17
omr,17
2'',17
u j,17
 uh,17
! l,17
naf,17
szo,17
w ;,17
tt',17
k-s,17
aac,17
ypr,17
foe,17
69 ,17
dpo,17
20t,17
h-t,17
68 ,17
 cd,17
iap,17
mm',17
dna,17
l-d,17
hr.,17
a 4,17
? -,17
l-e,17
wls,17
? ),17
b p,17
! g,17
nd/,17
m q,17
aml,17
etn,17
tah,17
rm-,17
ebs,17
s-t,17
ruj,17
jub,17
ed',17
edc,17
/or,17
d/o,17
& c,17
yka,17
81 ,17
50-,17
ub-,17
da',17
hhe,17
 41,17
944,16
24-,16
d-p,16
eb ,16
12-,16
rfl,16
.7 ,16
ozz,16
rnb,16
25-,16
dbo,16
99 ,16
by',16
o 6,16
09 ,16
:00,16
0.3,16
heu,16
eu ,16
co',16
akd,16
am-,16
-:3,16
yac,16
vs.,16
xal,16
nx ,16
 sr,16
r-w,16
me',16
"20,",16
gm ,16
zzy,16
kem,16
huh,16
aeg,16
4-h,16
f-r,16
dhi,16
ogm,16
3 s,16
syr,16
b d,16
cey,16
nc ,16
 46,16
2% ,16
ltm,16
pog,16
poh,16
lih,16
biv,16
q. ,16
 m ,16
us',16
 l ,16
ad',16
ol-,16
912,16
kre,16
c j,16
7 ;,16
peu,16
bco,16
2 h,16
orq,16
eo-,16
kul,16
o'd,16
ilp,16
ewd,16
8 -,16
chb,16
f-t,16
y'v,16
sox,16
; u,16
fud,16
f-f,16
di',16
4 w,16
i-a,16
4 f,16
otu,16
179,16
 85,16
e-j,16
o-i,16
afi,16
s-r,16
h 3,16
nox,16
ngy,16
10.,16
kme,16
huy,16
ecy,16
ghn,16
vew,16
74 ,16
h $,16
- (,16
ol',16
oyn,16
5 ;,16
4-1,16
96 ,16
 g ,16
159,16
ge',16
luf,16
-ya,16
"1,5",16
450,16
170,16
d-n,16
nbr,16
xi ,16
m 3,16
-gl,16
$25,16
-ju,16
pne,16
381,16
dyt,16
tyk,16
ocs,16
owu,16
hze,16
ahz,16
ryd,15
60-,15
rtw,15
.y.,15
n.y,15
88 ,15
pim,15
 x ,15
hep,15
aar,15
uru,15
odm,15
wry,15
-at,15
uea,15
fto,15
tfa,15
eew,15
duk,15
a z,15
kbe,15
tu ,15
0.5,15
ra',15
iz ,15
s z,15
f z,15
z t,15
n-e,15
x l,15
/4',15
rn-,15
jo ,15
ny-,15
utg,15
ig-,15
98 ,15
lca,15
sve,15
 39,15
4 s,15
r-f,15
osb,15
"8,0",15
f 0,15
h-b,15
inw,15
ivy,15
ldb,15
irf,15
rdn,15
rym,15
1.5,15
tsk,15
87 ,15
) ),15
zem,15
iho,15
o-h,15
olh,15
yru,15
z c,15
x g,15
a 3,15
atz,15
947,15
hco,15
8 w,15
rl',15
93 ,15
w !,15
-ap,15
aum,15
ofs,15
% a,15
ehl,15
4 c,15
thb,15
agh,15
mcf,15
1 -,15
-jo,15
t} ,15
{t},15
us-,15
aru,15
yly,15
wk ,15
beo,15
pa',15
moz,15
ldw,15
nkr,15
 48,15
 72,15
2.5,15
lt-,15
 '5,15
350,15
-qu,15
ubc,15
zzo,15
osq,15
nja,15
8 i,15
w-c,15
4 (,15
gbo,15
"6,0",15
! -,15
pyt,15
( (,15
knu,15
yt ,15
stc,15
ep-,15
1 o,15
rky,15
66 ,15
duf,15
w (,15
leh,14
abd,14
dez,14
nu ,14
kif,14
-52,14
3 (,14
ffy,14
d-m,14
xot,14
spy,14
sgi,14
ew-,14
dei,14
$1 ,14
tao,14
byl,14
h !,14
4 d,14
roq,14
lce,14
aef,14
fak,14
4 h,14
ksm,14
lof,14
zaa,14
muz,14
hst,14
yrd,14
tnu,14
ua ,14
2 f,14
30-,14
odb,14
c q,14
axw,14
-tu,14
cfe,14
15t,14
su ,14
s-l,14
mso,14
uam,14
psu,14
7 -,14
biz,14
- k,14
isq,14
h 4,14
wco,14
b g,14
y-g,14
eip,14
x-f,14
il-,14
 ib,14
-2 ,14
k-b,14
pe',14
kea,14
pak,14
sde,14
thc,14
( ',14
dov,14
d-g,14
 ll,14
p !,14
! d,14
ma',14
-ge,14
-ov,14
yen,14
dba,14
.k.,14
kod,14
k ),14
xt-,14
veo,14
5 i,14
go',14
$12,14
 7:,14
 57,14
lda,14
5 d,14
 56,14
aky,14
f ?,14
 wt,14
3 o,14
. z,14
teh,14
ueo,14
 ml,14
as-,14
ndh,14
tya,14
joc,14
xca,14
) u,14
ynn,14
ecd,14
z s,14
aam,14
 ny,14
n-h,14
ecs,14
5 w,14
9 i,14
anp,14
eaw,14
89 ,14
 54,14
xto,14
: g,14
ovs,14
v i,14
zur,14
auf,14
2-y,14
v c,14
amr,14
rtf,14
oex,14
t 9,14
nek,14
wto,14
1.1,14
 aa,14
nyl,14
:35,14
cne,14
m-p,14
l-o,14
k `,13
$.0,13
" 4,",13
 ft,13
 cz,13
soy,13
lbr,13
b-5,13
arz,13
h-w,13
hwi,13
c ;,13
vy',13
asb,13
ve.,13
htt,13
64 ,13
 oz,13
y 6,13
y 9,13
jel,13
hho,13
 hr,13
f 6,13
ioa,13
d'a,13
la',13
 5.,13
.h.,13
rkh,13
p (,13
z ',13
e-v,13
sow,13
2:2,13
zel,13
eae,13
zio,13
-a ,13
-3 ,13
ep.,13
 47,13
eyb,13
3.5,13
s-o,13
ll.,13
 u ,13
" 8,",13
ygo,13
rye,13
2 b,13
wtv,13
wac,13
-es,13
wab,13
 c',13
5 -,13
 ak,13
r-g,13
rdr,13
 ct,13
enm,13
osd,13
f-w,13
bdu,13
edb,13
? ',13
 lt,13
uny,13
yug,13
keh,13
zis,13
a.l,13
tcl,13
afo,13
 51,13
c (,13
is-,13
! e,13
ib ,13
iql,13
qla,13
hto,13
0 ',13
l.a,13
pey,13
ee',13
5 h,13
 eb,13
ebb,13
b m,13
nmo,13
axt,13
gop,13
isy,13
a ?,13
4 b,13
"30,",13
02 ,13
kop,13
yfo,13
rsc,13
6 o,13
p ?,13
rmh,13
mho,13
040,13
177,13
83 ,13
! j,13
e- ,13
t-e,13
hla,13
xpi,13
zet,13
aot,13
ix-,13
rn',13
yov,13
r 8,13
77 ,13
igb,13
vre,13
105,13
lfo,13
11-,13
y-h,13
c-s,13
rgs,13
o-f,13
9 p,13
mg/,13
g/l,13
% .,13
lae,13
byt,13
hya,13
alh,13
/4 ,13
osk,13
chd,13
-ke,13
zoa,13
1 g,13
o-g,13
-18,13
ie-,13
g-o,13
( v,13
 ky,13
xwe,13
ddo,13
( 6,13
om',13
awm,13
p v,13
okk,13
-ev,13
g-c,13
shf,13
ea-,12
 71,12
7 o,12
wny,12
usm,12
x n,12
8 s,12
913,12
rdu,12
ooo,12
bdi,12
wex,12
% i,12
r 9,12
luk,12
91 ,12
fei,12
myc,12
neh,12
fne,12
evy,12
963,12
nih,12
ihi,12
ssh,12
pax,12
opk,12
"1,2",12
nck,12
6 s,12
k-e,12
o :,12
pgr,12
o 7,12
oux,12
h-l,12
943,12
-ec,12
d-e,12
n-u,12
a !,12
da-,12
dsm,12
baf,12
ji ,12
.b.,12
oyo,12
w q,12
s x,12
tno,12
-5 ,12
ahn,12
' v,12
ugm,12
", 8",12
: j,12
bbs,12
 8-,12
myo,12
dje,12
rfr,12
bdo,12
7 i,12
ocy,12
av ,12
-du,12
orv,12
kyl,12
: u,12
tsc,12
f :,12
ns-,12
ml ,12
 $9,12
oby,12
3 c,12
teb,12
-sw,12
nwo,12
mg.,12
tbr,12
2-1,12
c-l,12
ryp,12
h-u,12
1-1,12
yde,12
 64,12
-mu,12
ipr,12
irv,12
bsy,12
3-1,12
nsv,12
& m,12
mcn,12
htm,12
81(,12
idy,12
) ',12
rpu,12
vy-,12
5 s,12
 55,12
auk,12
ri',12
bm ,12
ilc,12
82 ,12
 7t,12
 pf,12
eux,12
06 ,12
97 ,12
-hr,12
120,12
-f ,12
938,12
cm.,12
sdu,12
lsb,12
2 d,12
a-c,12
7-1,12
", 7",12
) `,12
 43,12
lsa,12
s 8,12
n-y,12
w 1,12
aub,12
oeb,12
wds,12
lhe,12
ika,12
wks,12
e-k,12
uk ,12
ls',12
 gm,12
sku,12
wt ,12
942,11
7 f,11
1.2,11
wbu,11
utn,11
1.0,11
ija,11
ouk,11
wie,11
k-a,11
jda,11
ajd,11
ffn,11
ewm,11
t z,11
k-l,11
keo,11
lfb,11
oha,11
fba,11
kam,11
3.1,11
6 f,11
 63,11
rko,11
ahi,11
941,11
: 2,11
nir,11
w-b,11
 44,11
-yo,11
esy,11
omu,11
mci,11
yus,11
ek',11
ndc,11
eja,11
dej,11
"4,0",11
uyl,11
nko,11
pp.,11
 76,11
v b,11
puf,11
v t,11
o-r,11
' :,11
l-g,11
1 f,11
9-1,11
859,11
 r-,11
bsp,11
ae-,11
hex,11
0 u,11
pei,11
efy,11
6 b,11
-it,11
ebi,11
o-y,11
z. ,11
mm.,11
pa-,11
ft.,11
y-a,11
in.,11
pyi,11
3 ;,11
 xy,11
40-,11
oza,11
wba,11
p-s,11
op.,11
xub,11
pah,11
917,11
rwr,11
) :,11
kah,11
9 b,11
ub',11
iek,11
iah,11
lyh,11
ehr,11
om-,11
oxc,11
935,11
z o,11
rtz,11
ys',11
s &,11
19t,11
lyf,11
edm,11
jue,11
xab,11
 52,11
1 r,11
750,11
icc,11
2 ;,11
iju,11
rp.,11
ofu,11
w-h,11
soe,11
aia,11
-20,11
", 9",11
$75,11
yot,11
! p,11
ym ,11
kii,11
evu,11
kap,11
ayw,11
ip-,11
p k,11
fuz,11
ilf,11
14-,11
-ad,11
oyb,11
163,11
ewn,11
"2,4",11
fse,11
adb,11
lml,11
.3-,11
9 -,11
m-n,11
ptc,11
1 h,11
jig,11
imn,11
e 0,11
w-f,11
tgu,11
otg,11
bno,11
kke,11
cbr,11
mcb,11
eg',11
 49,11
mri,10
oum,10
7 b,10
gi ,10
 58,10
 y',10
yis,10
anb,10
tey,10
0.0,10
- 4,10
5 g,10
h-a,10
tux,10
ugi,10
yke,10
dyk,10
0 v,10
3 -,10
dsp,10
voo,10
a 7,10
v h,10
kut,10
q a,10
hez,10
rnt,10
4 -,10
-gi,10
60',10
.9 ,10
dby,10
rdt,10
bys,10
-sk,10
'ro,10
 k ,10
vee,10
$45,10
igl,10
9 w,10
135,10
hdo,10
 rd,10
elh,10
rij,10
lbs,10
faw,10
oyl,10
 ee,10
cch,10
$17,10
irn,10
17t,10
rsb,10
dbi,10
? k,10
nub,10
tpe,10
giu,10
z h,10
 nb,10
2-i,10
apu,10
nvu,10
-ja,10
1 ;,10
a.d,10
g-l,10
gm.,10
lpr,10
vue,10
cox,10
18t,10
m 4,10
au',10
nay,10
avr,10
rnf,10
 y.,10
r z,10
hoh,10
4 g,10
q i,10
.i.,10
wau,10
161,10
ouf,10
n-n,10
phu,10
3 w,10
s 0,10
dfo,10
izu,10
3 h,10
6 w,10
fa ,10
xta,10
kia,10
- 3,10
198,10
:34,10
tbu,10
oo-,10
k q,10
wme,10
ms',10
hwh,10
nji,10
/l ,10
tyi,10
lk-,10
bme,10
3 :,10
cua,10
pm ,10
cst,10
w-u,10
cyt,10
uvo,10
v .,10
jed,10
172,10
k-u,10
 69,10
oog,10
7 h,10
aw-,10
ywi,10
rzo,10
rlu,10
937,10
o-l,10
yps,10
8 o,10
uxi,10
c-p,10
gae,10
ksl,10
tki,10
atk,10
2nd,10
73 ,10
dke,10
ndk,10
", $",10
ic',10
2-5,10
ch.,10
oef,10
ts-,10
923,10
ye-,10
beq,10
f 9,10
l-n,10
ayf,10
8 b,10
nez,10
'ar,10
o z,10
yr ,10
uye,10
! n,10
s-b,10
$80,10
r &,10
oig,10
tna,10
k-o,10
-il,10
uva,10
 za,10
hta,10
ex',10
ogt,10
s.s,10
dy-,10
ojo,10
rg',10
zze,10
0.8,10
rdb,10
x u,10
hfi,10
2 g,10
chh,10
a-b,9
hlb,9
rv ,9
3rd,9
aja,9
wsk,9
suv,9
933,9
soj,9
adt,9
8 f,9
s.r,9
 74,9
eka,9
nzi,9
.10,9
-sy,9
'n ,9
epy,9
4.2,9
avu,9
mi',9
-od,9
i -,9
cdc,9
90-,9
woe,9
i ?,9
aik,9
wy ,9
wob,9
dyb,9
ifa,9
mei,9
: ',9
jeo,9
ksk,9
un',9
/2',9
2 -,9
 4:,9
wey,9
/16,9
1/8,9
ezz,9
21-,9
925,9
oxa,9
"70,",9
aku,9
cd ,9
y 7,9
aoi,9
? (,9
-wr,9
6 c,9
av.,9
tiu,9
ydi,9
ayd,9
'al,9
gwi,9
sok,9
asq,9
sw ,9
tce,9
d 9,9
hah,9
vro,9
pa.,9
oob,9
eeh,9
ngb,9
8 h,9
uka,9
vex,9
r 0,9
.0 ,9
yls,9
u -,9
bti,9
hba,9
s-d,9
"q ,",9
hbi,9
omn,9
ci ,9
 f-,9
jup,9
 zu,9
noz,9
. /,9
"$3,",9
ynb,9
mnl,9
1st,9
; k,9
ky',9
b l,9
sr ,9
cae,9
865,9
coy,9
50',9
pyl,9
cza,9
5-1,9
sek,9
4 :,9
20',9
r-y,9
d 0,9
0.2,9
ueb,9
 99,9
5 ',9
akt,9
"9,0",9
mg ,9
ubg,9
bgr,9
ec',9
ksg,9
akw,9
l 3,9
baw,9
awd,9
45-,9
byp,9
n.c,9
ahr,9
130,9
h-e,9
v m,9
so',9
) v,9
nss,9
cuf,9
2 y,9
9 o,9
0-f,9
"12,",9
mpk,9
o 0,9
iin,9
wyo,9
yom,9
ku ,9
h 9,9
3 d,9
f{t,9
p 1,9
gew,9
x-2,9
0 (,9
k !,9
be-,9
gnp,9
u v,9
shw,9
-ir,9
o 9,9
xe ,9
tgr,9
% f,9
a-v,9
k-t,9
- v,9
"$4,",9
 y-,9
4 ;,9
y-i,9
t-y,9
78 ,9
lyl,9
jak,9
y-r,9
2 (,9
uz ,9
boc,9
gsk,9
q .,9
 f{,9
 pb,9
pbs,9
 ay,9
cyp,9
xia,9
ve',9
cy-,9
924,9
dye,9
6 h,9
onx,9
197,9
$40,9
v o,9
af-,9
akl,9
(c),9
ja ,9
914,9
 pp,9
" 5,",9
"$5,",9
"15,",9
ol.,9
 eh,9
suk,9
; `,9
tht,9
 2%,9
% s,9
a-h,9
 61,9
861,9
biw,9
s-p,9
zag,9
rez,8
rkb,8
egb,8
gby,8
kiz,8
va',8
ryu,8
sc ,8
2 u,8
1(c,8
pf ,8
/2-,8
8-i,8
l-h,8
 68,8
'un,8
awh,8
yza,8
xor,8
mo.,8
ydn,8
.07,8
30',8
h z,8
16-,8
922,8
m-f,8
baz,8
22-,8
$14,8
eyl,8
ryc,8
b n,8
ruz,8
ftn,8
a &,8
$18,8
 c-,8
m.a,8
ooz,8
bep,8
p-t,8
inz,8
dak,8
kti,8
toz,8
lt.,8
a-u,8
-ur,8
yp ,8
280,8
890,8
& w,8
im-,8
ttu,8
li',8
hyn,8
mch,8
ubw,8
m-l,8
wfo,8
oah,8
exl,8
37-,8
mep,8
go-,8
ky-,8
-vo,8
25%,8
-ph,8
geb,8
ngw,8
-b ,8
& a,8
d-j,8
mij,8
929,8
106,8
8 c,8
125,8
rkw,8
bwa,8
m 6,8
kai,8
rtc,8
pry,8
up-,8
 4t,8
m.p,8
t-n,8
ocn,8
rx ,8
00%,8
bc ,8
' j,8
geh,8
 86,8
tox,8
ieb,8
wnr,8
edf,8
upu,8
rh ,8
x v,8
m-s,8
w ),8
5.3,8
imc,8
*yf,8
yf ,8
-ef,8
` -,8
"2,5",8
etz,8
wdy,8
ntp,8
 6.,8
-6 ,8
uh-,8
840,8
t 0,8
h 5,8
dwy,8
rnu,8
tsp,8
mki,8
hua,8
chg,8
mpy,8
8 d,8
ctf,8
n-j,8
ghu,8
seo,8
*yc,8
yc ,8
rcs,8
g-h,8
:37,8
mno,8
o.k,8
xts,8
15-,8
ks',8
230,8
uf ,8
x-e,8
ozy,8
bue,8
msy,8
pke,8
tcy,8
og-,8
 t',8
nbl,8
7 s,8
ulz,8
csi,8
sps,8
tzi,8
oei,8
' q,8
mcl,8
mca,8
fbi,8
b -,8
x-m,8
( 7,8
tek,8
c k,8
 fb,8
pug,8
m 8,8
a-p,8
eyd,8
-56,8
uc ,8
fta,8
bho,8
shb,8
llc,8
i-f,8
$2 ,8
 95,8
 dj,8
ctn,8
1 d,8
ckf,8
nru,8
 87,8
uem,8
pem,8
1 j,8
3 b,8
yzi,8
8'',8
931,8
r 7,8
 oo,8
kos,8
ucu,8
g-a,8
-aw,8
a-d,8
140,8
lyo,8
dlu,8
soh,8
awb,8
uqu,8
s 9,8
80-,8
lir,8
zko,8
cud,8
hpi,8
lt',8
921,8
keg,8
.f.,8
s-h,8
 kc,8
urz,8
r- ,8
908,8
 ud,8
rs-,8
elr,8
xyl,8
' y,8
2.2,8
 ej,8
-fu,8
llr,8
7-d,8
9 m,8
x-p,8
- ',8
79 ,8
p :,8
bah,8
c `,8
nky,8
hvi,8
sgr,8
8-1,8
ckr,8
"60,",8
iby,8
-o',8
896,8
yev,8
-ab,8
ez-,8
-4 ,8
yso,8
$3.,8
hoy,8
 cf,8
cf.,8
895,8
htw,8
ok',8
unj,8
) y,8
w-d,8
ux',8
dyw,8
tt-,8
cna,8
67 ,8
11:,8
weg,8
5 e,8
nys,8
158,8
d-1,8
sut,8
hux,8
uxl,8
g-m,8
7 (,8
xqu,7
tcr,7
: v,7
1% ,7
% b,7
opf,7
 bt,7
btu,7
.03,7
6% ,7
2 l,7
scs,7
; v,7
iem,7
eub,7
rek,7
- 5,7
iov,7
u ),7
h-m,7
lf',7
vs ,7
exr,7
xro,7
59-,7
ymi,7
-70,7
wbe,7
 w-,7
:20,7
wsl,7
x. ,7
", z",7
w-r,7
3 f,7
8 g,7
ba',7
g-e,7
agw,7
i-b,7
m-e,7
ui ,7
evs,7
.25,7
"1,4",7
 53,7
htc,7
 og,7
934,7
-eq,7
 92,7
obr,7
 rp,7
rpm,7
7:3,7
$2.,7
x -,7
icb,7
cbm,7
heg,7
ifs,7
np ,7
wbi,7
fag,7
deh,7
$5 ,7
koo,7
819,7
koe,7
jah,7
hwo,7
/8',7
ysc,7
w-p,7
cyr,7
b e,7
va.,7
puc,7
z b,7
g $,7
z f,7
uav,7
yur,7
 1:,7
c y,7
owy,7
nuu,7
2.1,7
 3/,7
g-f,7
ut',7
4-y,7
shv,7
nup,7
di-,7
fsp,7
yms,7
",40",7
& h,7
40%,7
"3,5",7
7 c,7
yof,7
 77,7
emk,7
olb,7
b-c,7
g-p,7
jab,7
yaw,7
mcg,7
& i,7
tys,7
moa,7
esw,7
 s-,7
w-m,7
xpu,7
832,7
eyt,7
:33,7
wyn,7
t &,7
mao,7
m-m,7
uez,7
883,7
070,7
ybr,7
ckd,7
sy-,7
msp,7
! r,7
$11,7
wke,7
gn-,7
p 2,7
aiw,7
otw,7
oi ,7
onh,7
nkm,7
8 ;,7
iia,7
'im,7
ahs,7
pez,7
no',7
24t,7
v f,7
esv,7
gub,7
ekb,7
5-p,7
203,7
(a),7
hbr,7
hof,7
ibm,7
v p,7
nbc,7
275,7
tsw,7
154,7
o- ,7
enp,7
4 y,7
rtb,7
 ik,7
75-,7
-ve,7
30.,7
mco,7
 9t,7
hgo,7
uxt,7
926,7
o-n,7
p-p,7
' k,7
tc ,7
 v-,7
3-:,7
l 9,7
1.8,7
kth,7
ylk,7
ooe,7
-2-,7
cya,7
rct,7
8 l,7
7.5,7
oy-,7
- 2,7
 n',7
etf,7
wki,7
h-g,7
nvy,7
 p-,7
9 (,7
g-d,7
iai,7
aea,7
mej,7
-au,7
syt,7
mfu,7
uvi,7
dah,7
3 y,7
 96,7
",70",7
zyg,7
" 7,",7
bve,7
g-b,7
164,7
a-f,7
3/4,7
",80",7
4% ,7
kot,7
0 j,7
sr.,7
f-g,7
ob-,7
pp ,7
lmu,7
 7.,7
10%,7
939,7
111,7
220,7
ezv,7
ex.,7
vos,7
i (,7
2 :,7
feg,7
& d,7
yci,7
h 0,7
",10",7
kom,7
h-o,7
wso,7
cec,7
oax,7
zvo,7
yos,7
-oc,7
rbr,7
210,7
p j,7
a-w,7
121,7
acn,7
ywr,7
-gu,7
rdm,7
chf,7
jow,7
jis,7
f-l,7
hso,7
 az,7
byz,7
3d ,7
y x,7
exq,7
 rc,7
wtu,7
ak-,7
w-w,7
eyw,7
h-d,7
ytt,7
 iz,7
lo',7
w-g,7
dek,7
.15,7
rza,7
"4,5",7
gyn,7
eik,7
a-z,6
dsv,6
0.4,6
ok-,6
uoi,6
kik,6
op',6
ije,6
/ c,6
zop,6
mye,6
xod,6
375,6
owo,6
hpl,6
ndg,6
udu,6
tr ,6
em',6
cph,6
ioe,6
hij,6
ubv,6
-13,6
-10,6
yu ,6
dgu,6
ubp,6
gsw,6
peb,6
zim,6
yoc,6
5-m,6
- 7,6
arh,6
rmc,6
vae,6
2-c,6
t *,6
: y,6
hs',6
 ns,6
s *,6
dch,6
dsl,6
 a',6
l 7,6
m 0,6
msc,6
mce,6
mu ,6
-7 ,6
hue,6
v e,6
) k,6
-hy,6
*ya,6
f 8,6
l 5,6
aec,6
lbi,6
"j ,",6
ssp,6
 kw,6
a-g,6
isv,6
1 y,6
821,6
yuk,6
:01,6
gsh,6
 dc,6
jin,6
fma,6
", 0",6
*yl,6
ah',6
165,6
3-3,6
mif,6
dti,6
edt,6
kya,6
mav,6
260,6
lkh,6
riq,6
bif,6
eos,6
uiz,6
-cm,6
dno,6
s-m,6
iz.,6
rnl,6
 ss,6
 j ,6
vak,6
918,6
zec,6
cze,6
x-t,6
ap-,6
625,6
dfi,6
 6t,6
5-f,6
haa,6
pbe,6
10:,6
c' ,6
tym,6
dw ,6
msi,6
oia,6
108,6
otn,6
wnh,6
ayh,6
uix,6
wca,6
z g,6
-tv,6
r-k,6
dob,6
3 u,6
wyc,6
m z,6
% ),6
v d,6
udw,6
ksi,6
kpo,6
ubh,6
cbe,6
acb,6
"17,",6
6 d,6
7 d,6
wdi,6
xyd,6
ltn,6
13t,6
` 1,6
kh ,6
ud',6
maw,6
tbe,6
:05,6
l'a,6
sez,6
oe',6
ayc,6
211,6
gob,6
eia,6
pbo,6
tsa,6
upg,6
p-l,6
lcy,6
kfo,6
y-y,6
ko ,6
umf,6
k-h,6
ekt,6
173,6
 mt,6
b-s,6
-30,6
kto,6
laq,6
3th,6
` z,6
rzk,6
",41",6
 'n,6
"- ,",6
gac,6
0c.,6
tzg,6
919,6
ryn,6
360,6
vik,6
uhn,6
% t,6
0-1,6
gei,6
bs.,6
ntn,6
% c,6
doy,6
nn.,6
dya,6
928,6
upb,6
odh,6
pe-,6
892,6
stb,6
 5%,6
-3/,6
 67,6
rss,6
ozi,6
a-l,6
fah,6
oua,6
" 6,",6
$13,6
s-a,6
"75,",6
"22,",6
k-w,6
zge,6
850,6
xco,6
mev,6
uhr,6
ghr,6
815,6
: 5,6
: 3,6
'am,6
vam,6
8 y,6
936,6
amf,6
.w.,6
vog,6
hek,6
l' ,6
m-c,6
 '4,6
dae,6
3.2,6
agp,6
168,6
 'i,6
4-i,6
y &,6
rny,6
1.6,6
14.,6
lhi,6
wdo,6
12.,6
"2,3",6
'co,6
00',6
ulv,6
b-7,6
2.4,6
yfu,6
lft,6
*0c,6
po',6
'mo,6
uml,6
upk,6
tzk,6
$28,6
ug-,6
e-q,6
12',6
pmo,6
888,6
-sm,6
ntf,6
p.h,6
l $,6
zig,6
uib,6
bsk,6
apm,6
rnh,6
aak,6
oaf,6
4.3,6
myn,6
28t,6
ukh,6
9 r,6
axl,6
ncs,6
eii,6
hn-,6
825,6
1 ',6
/8-,6
9 f,6
t-u,6
$70,6
o-v,6
paq,6
7 w,6
909,6
mpn,6
905,6
157,6
-o ,6
a-m,6
hpa,6
ryk,6
nz ,6
laa,6
` (,6
kun,6
 '6,6
0-p,6
d &,6
oij,6
f.p,6
n.f,6
c)(,6
abn,6
.t.,5
kaf,5
afk,5
fka,5
6'',5
16',5
 cc,5
& t,5
sq.,5
 'r,5
os-,5
zue,5
ezu,5
kwe,5
965,5
 mp,5
:32,5
155,5
-is,5
"80,",5
29t,5
834,5
ah-,5
tsf,5
0-g,5
h-v,5
ofl,5
yei,5
2-d,5
 59,5
x k,5
klu,5
io',5
hup,5
apk,5
p-a,5
mp-,5
yol,5
kok,5
hry,5
r.',5
md.,5
 md,5
- 8,5
aet,5
"57,",5
ucs,5
8 r,5
-60,5
8 n,5
s-n,5
do',5
ntw,5
213,5
tn',5
/3 ,5
euc,5
wur,5
dui,5
erj,5
i y,5
6 g,5
o-j,5
6-i,5
8% ,5
syd,5
rm',5
",25",5
 82,5
dym,5
868,5
; $,5
hi-,5
i-l,5
1 e,5
793,5
810,5
c-c,5
l &,5
ea',5
122,5
$90,5
 83,5
 3r,5
102,5
elz,5
9.3,5
 hw,5
z-f,5
zky,5
c ?,5
30%,5
 73,5
xtb,5
abj,5
yki,5
d-v,5
oyh,5
817,5
-17,5
887,5
845,5
x ),5
eee,5
` ',5
 fd,5
5.5,5
z e,5
f-u,5
"% ,",5
b &,5
yrs,5
owr,5
2d ,5
rax,5
-h ,5
y-u,5
axy,5
18-,5
! k,5
ga.,5
15.,5
mpg,5
-us,5
- q,5
oz.,5
"2,1",5
 88,5
& g,5
utz,5
2.3,5
htu,5
2.0,5
3.0,5
", )",5
gwo,5
cu.,5
mro,5
bu ,5
vub,5
! ),5
-sq,5
cr ,5
0 k,5
hfo,5
 78,5
3% ,5
-21,5
fl-,5
156,5
vah,5
-mm,5
ct-,5
iow,5
owp,5
6-h,5
.u.,5
13.,5
ul',5
tcu,5
20%,5
8 u,5
td.,5
ltd,5
ptr,5
m 5,5
9 h,5
sah,5
"2,8",5
zu ,5
nya,5
7% ,5
915,5
932,5
ldu,5
b (,5
si-,5
 z ,5
um',5
oml,5
",08",5
ivu,5
iku,5
23d,5
gwa,5
ef-,5
jav,5
844,5
ouq,5
20s,5
v-s,5
goc,5
s.c,5
 nw,5
ylu,5
13-,5
amc,5
ysu,5
jbi,5
ijb,5
fha,5
175,5
6-y,5
z r,5
-11,5
ggo,5
ct',5
 w ,5
boe,5
ujo,5
h.m,5
dn ,5
lwi,5
z's,5
"32,",5
oey,5
pfa,5
wnf,5
tth,5
b v,5
7 e,5
'l ,5
yas,5
vom,5
1:2,5
epm,5
94 ,5
t'd,5
gpi,5
piz,5
0-i,5
qu ,5
/ou,5
t/o,5
ut/,5
6 r,5
m-d,5
lez,5
 ld,5
 3:,5
0-t,5
a'a,5
g 6,5
lss,5
foy,5
sh',5
cok,5
2 e,5
074,5
ta-,5
alz,5
x-g,5
akh,5
obn,5
k-m,5
87-,5
h 8,5
drs,5
gti,5
pda,5
g 4,5
erz,5
27-,5
eko,5
` .,5
fio,5
pps,5
133,5
zoe,5
240,5
15%,5
9 e,5
iae,5
ygi,5
w-s,5
 y ,5
916,5
poz,5
xop,5
tyu,5
jit,5
pno,5
uos,5
 't,5
1-y,5
mt.,5
wsm,5
aou,5
iur,5
440,5
-44,5
p-4,5
zbe,5
v (,5
lgo,5
v r,5
lzb,5
lzi,5
$4 ,5
sp-,5
l z,5
30t,5
poa,5
ls-,5
ewf,5
bae,5
vej,5
suz,5
uoy,5
buo,5
yd',5
i-n,5
gfe,5
)(1,5
woc,5
o.e,5
6-3,5
 9:,5
:45,5
ctc,5
heq,5
ehu,5
c.d,5
e.c,5
nye,5
s.k,5
6 y,5
ufl,5
dpa,5
6-f,5
cso,5
h &,5
mef,5
ngm,5
jux,5
"16,",5
169,5
a-t,5
zov,5
w-l,5
353,5
4-d,5
28-,5
msh,5
776,5
325,5
owf,5
ooc,5
 9.,5
i-d,5
ffm,5
pja,5
ipj,5
rxi,5
16t,5
5-3,5
4.7,5
ej ,5
84 ,5
; ',5
' 3,5
ldc,5
u y,5
i q,5
i-r,5
moy,5
dii,5
-lu,5
 79,5
$16,5
 94,5
330,5
ezo,5
 uk,5
ulw,5
 tc,5
901,5
wah,5
dgr,5
ghf,5
bw ,5
 bw,5
hyf,5
174,5
poy,5
skl,5
unv,5
 81,5
5-y,5
145,5
: k,5
.q.,5
i.q,5
38-,5
ppm,5
",90",5
dt',5
foh,5
mt ,5
yl-,5
l 4,5
d' ,5
6-1,5
iak,5
yam,5
ir',5
wse,5
m 7,5
yk ,5
ln',5
y z,5
sst,5
rmf,5
-ax,5
512,5
ps',5
uef,5
mfe,5
"37,",5
nnn,5
xap,5
uxa,5
-z ,5
911,5
dwr,5
787,4
90%,4
! u,4
eyh,4
-dw,4
suh,4
'in,4
onb,4
803,4
$85,4
12:,4
$65,4
ft',4
sog,4
 98,4
ty.,4
7 :,4
ew',4
ypa,4
zac,4
 '3,4
tge,4
 2d,4
6 n,4
78-,4
860,4
kau,4
sos,4
6-p,4
sga,4
vyi,4
$8.,4
pht,4
fuh,4
dgl,4
128,4
"0,5",4
smy,4
tnt,4
/70,4
812,4
x (,4
5-t,4
3 l,4
n 0,4
m-t,4
792,4
a-e,4
ivr,4
egh,4
y'a,4
dta,4
609,4
bju,4
rmn,4
srs,4
c'm,4
upd,4
rx',4
amt,4
je ,4
haj,4
aju,4
ju ,4
7-3,4
 tn,4
xho,4
 ao,4
23-,4
801,4
"23,",4
2-3,4
hy',4
t' ,4
pox,4
d'e,4
odk,4
dki,4
xet,4
7.3,4
75%,4
$58,4
uep,4
ar.,4
 62,4
3/1,4
rkr,4
ef',4
870,4
bim,4
$37,4
4 l,4
em-,4
dsw,4
uze,4
835,4
zei,4
u !,4
mpm,4
jut,4
gaw,4
jad,4
umd,4
b y,4
ul-,4
897,4
vez,4
fdo,4
bty,4
efd,4
9 d,4
atw,4
i ;,4
"8,2",4
i :,4
umv,4
mvi,4
ipy,4
ud-,4
g 8,4
piv,4
001,4
kwi,4
3 v,4
9 s,4
pex,4
$22,4
b j,4
6 l,4
577,4
p `,4
-ob,4
970,4
214,4
ti',4
z l,4
la-,4
os',4
fsk,4
ot',4
acp,4
( q,4
 nc,4
xul,4
p-b,4
'dw,4
c.a,4
3 e,4
egf,4
tpl,4
bip,4
mof,4
818,4
14t,4
dgw,4
",45",4
114,4
3*0,4
/da,4
43*,4
40',4
: 7,4
2.7,4
 xe,4
ehy,4
ukr,4
"$7,",4
70-,4
tdi,4
607,4
p-2,4
1 n,4
bf ,4
906,4
"1,1",4
"1,8",4
mbf,4
yog,4
lyb,4
876,4
g 3,4
/mb,4
nw ,4
pev,4
g-w,4
.75,4
0-a,4
kwh,4
602,4
oeh,4
duo,4
oyt,4
z p,4
ipb,4
885,4
iha,4
kry,4
asw,4
 97,4
9 n,4
blv,4
4 n,4
lup,4
apd,4
wnp,4
50t,4
sh.,4
rl-,4
nid,4
565,4
gev,4
nzo,4
"26,",4
610,4
aw',4
151,4
1-i,4
ds-,4
auv,4
 93,4
 wu,4
( 8,4
pco,4
-14,4
etp,4
eqn,4
*yt,4
nk-,4
woh,4
? 2,4
09-,4
2.6,4
-gy,4
yoo,4
wnu,4
0-2,4
tbi,4
"5,5",4
piq,4
 06,4
bek,4
geu,4
n.',4
"19,",4
( y,4
-0 ,4
ssb,4
 yr,4
1:0,4
2-g,4
3:3,4
m-b,4
ryg,4
siq,4
l'i,4
a-r,4
 8:,4
vus,4
faf,4
swr,4
rnw,4
b u,4
dws,4
70/,4
0/7,4
8:3,4
166,4
vd.,4
lvd,4
/ h,4
z ;,4
w z,4
c :,4
ygr,4
980,4
cez,4
eza,4
0-o,4
gh',4
u :,4
ayg,4
q t,4
ij ,4
eoi,4
z d,4
i.d,4
dtf,4
tf ,4
w-t,4
mpb,4
907,4
kuh,4
pof,4
usf,4
x ;,4
85%,4
% p,4
g-g,4
30s,4
643,4
yak,4
lqu,4
kaw,4
iis,4
x-s,4
w-a,4
'61,4
-av,4
uol,4
mby,4
rmb,4
0-:,4
t-k,4
 pm,4
6.1,4
m.c,4
oz ,4
"8,5",4
$7.,4
126,4
0'',4
k 3,4
eq.,4
1 l,4
",60",4
uia,4
re.,4
of.,4
2:4,4
35.,4
 i-,4
afg,4
-22,4
137,4
) 1,4
) 5,4
) 4,4
kki,4
1-a,4
 g{,4
x-o,4
hhu,4
wst,4
ysl,4
"1,7",4
898,4
uhh,4
 9-,4
d-y,4
tsy,4
yod,4
514,4
$35,4
kc ,4
mbb,4
? v,4
348,4
lff,4
? u,4
9 :,4
-'r,4
r-',4
0a ,4
40a,4
101,4
 r',4
hfa,4
ywe,4
.80,4
270,4
/l/,4
01.,4
:02,4
02.,4
540,4
gfi,4
bem,4
"4,4",4
",20",4
. :,4
ptn,4
dga,4
9 y,4
899,4
"1,9",4
epw,4
mb-,4
raj,4
hsa,4
dud,4
yfe,4
1 u,4
kse,4
64-,4
"11,",4
mcd,4
er/,4
 ew,4
a 9,4
vif,4
'50,4
ypn,4
. ?,4
-12,4
h-r,4
",51",4
ogh,4
8.6,4
420,4
05-,4
ef.,4
"55,",4
65-,4
d *,4
5 (,4
evr,4
tuh,4
pae,4
34.,4
igz,4
gza,4
0.6,4
odc,4
85-,4
: -,4
 8.,4
789,4
cew,4
anj,4
kda,4
6 v,4
ed.,4
ak',4
4.0,4
g{t,4
19-,4
yid,4
bop,4
wof,4
on.,4
966,4
5 r,4
5 :,4
 6:,4
ov',4
", *",4
k-f,4
: 4,4
} i,4
loh,4
m-1,4
788,4
gug,4
rhu,4
yfl,4
mmm,4
fgh,4
zai,4
zas,4
avl,4
"1,3",4
lri,4
"83,",4
pif,4
632,4
629,4
paj,4
fax,4
2.8,4
2 ',4
 m-,4
cc.,4
16.,4
m-w,4
",75",4
tzb,4
zbo,4
ohr,4
u.m,4
875,4
"7,5",4
a) ,4
1(a,4
s.a,4
851,4
90',4
l'u,4
& p,4
at.,4
tz',4
109,4
buk,4
hoz,4
",28",4
.j.,4
6-2,4
aup,4
ksb,4
ia.,4
$29,4
36-,4
891,4
'an,4
5.4,4
inr,4
ovy,4
wng,4
.24,3
ur',3
*0 ,3
21s,3
139,3
-k ,3
dcu,3
-oz,3
3 n,3
p-h,3
vur,3
eif,3
520,3
847,3
nsb,3
ldv,3
k-c,3
y-6,3
ntc,3
udb,3
sx-,3
gbe,3
fsh,3
'tu,3
l't,3
ysm,3
 nl,3
b-p,3
-e ,3
nlr,3
$.1,3
$9.,3
124,3
701,3
7-y,3
rux,3
pao,3
yun,3
ayu,3
$7 ,3
k-r,3
iyo,3
 66,3
aaa,3
9-d,3
"48,",3
70%,3
6.3,3
-my,3
moh,3
64',3
08-,3
"1,6",3
% m,3
.30,3
fiz,3
32.,3
duh,3
xom,3
tzh,3
aij,3
uha,3
",48",3
9-6,3
33.,3
:38,3
26.,3
310,3
36.,3
 7/,3
itw,3
 wb,3
:26,3
$31,3
3.3,3
hax,3
; *,3
w $,3
owg,3
$39,3
5 l,3
:25,3
"39,",3
14%,3
yva,3
r-j,3
0-c,3
8.0,3
/c ,3
 6%,3
qn.,3
whr,3
opc,3
8-3,3
-lb,3
.02,3
; 3,3
p q,3
p-r,3
s'n,3
6 j,3
zos,3
 nr,3
2-2,3
waf,3
t-v,3
fry,3
upf,3
791,3
kpa,3
rkp,3
w-e,3
113,3
rkt,3
eaq,3
g 5,3
eaz,3
lm-,3
pek,3
etv,3
h'a,3
-oa,3
olz,3
lze,3
225,3
nh ,3
268,3
lek,3
ceb,3
jeu,3
ix',3
ewy,3
ma-,3
8.5,3
r-5,3
-ze,3
p 3,3
x-c,3
k-p,3
.09,3
 fh,3
6.7,3
zip,3
g z,3
koc,3
3-y,3
) j,3
863,3
-d ,3
893,3
ekn,3
608,3
622,3
twu,3
jif,3
1/3,3
iud,3
wya,3
gmi,3
",33",3
hpo,3
bpr,3
ghp,3
lcl,3
lyd,3
apn,3
6 ',3
idb,3
zit,3
879,3
mbp,3
882,3
827,3
xig,3
823,3
1:3,3
-hp,3
% n,3
ob',3
w 6,3
hp ,3
yub,3
3/8,3
'52,3
 05,3
urq,3
rlw,3
-o-,3
",74",3
5-c,3
7 r,3
8 ',3
x :,3
cs',3
991,3
xyt,3
wiz,3
olr,3
ynh,3
o'k,3
'k ,3
vuh,3
ldt,3
hh ,3
ai-,3
",61",3
 pn,3
g 0,3
176,3
"42,",3
115,3
1-2,3
820,3
$84,3
miq,3
-ah,3
wpa,3
heh,3
llh,3
nyv,3
v-1,3
05.,3
7-2,3
? 3,3
" 9,",3
wdu,3
c &,3
864,3
o-u,3
orz,3
 ff,3
",17",3
c-a,3
eue,3
ygm,3
886,3
rlm,3
vep,3
d- ,3
kc.,3
kdr,3
zod,3
$32,3
"7,4",3
",46",3
rju,3
605,3
35-,3
320,3
:04,3
uy',3
: 8,3
; 1,3
12%,3
l 8,3
twh,3
yba,3
bca,3
u ;,3
wap,3
ze-,3
/un,3
797,3
r/u,3
"2,7",3
bav,3
 zw,3
cps,3
iox,3
kob,3
7-6,3
"$8,",3
986,3
7/8,3
/8 ,3
354,3
3.9,3
nyu,3
:06,3
10',3
.98,3
848,3
42-,3
 ms,3
hka,3
olw,3
22n,3
aab,3
4 v,3
euk,3
m-4,3
yeh,3
g 7,3
 s',3
:50,3
7 u,3
116,3
 sx,3
-27,3
t-3,3
 3%,3
c.i,3
nax,3
tfl,3
quy,3
'su,3
ik',3
601,3
598,3
yff,3
613,3
wdr,3
sk',3
koi,3
 2/,3
mpf,3
"3,3",3
",32",3
i.a,3
611,3
881,3
oe-,3
9 c,3
8-2,3
6 u,3
jeh,3
332,3
chk,3
$23,3
ryf,3
rz ,3
 t-,3
-ts,3
acd,3
) 3,3
50s,3
nbs,3
.16,3
8 (,3
470,3
) ?,3
v -,3
63-,3
u 1,3
zic,3
ttg,3
wnl,3
oyf,3
m-r,3
c-t,3
nkh,3
omh,3
h-f,3
tph,3
4:0,3
hl',3
dgk,3
-er,3
bbr,3
v n,3
32-,3
f-o,3
-af,3
enq,3
nao,3
$3 ,3
ogd,3
gde,3
owc,3
rlb,3
kys,3
lvo,3
gki,3
hui,3
70',3
4:3,3
:40,3
sm',3
dgy,3
582,3
'ti,3
dfl,3
11t,3
1th,3
c !,3
368,3
581,3
8(a,3
a)(,3
(1),3
1) ,3
6) ,3
",30",3
5.1,3
sn ,3
w 2,3
abc,3
awc,3
ugn,3
ngg,3
dl ,3
68(,3
xcr,3
ipw,3
pwr,3
6 e,3
 n-,3
hii,3
$63,3
"0,4",3
",44",3
jej,3
 bm,3
pfo,3
355,3
412,3
 -.,3
'58,3
'48,3
mbn,3
% (,3
oec,3
uvr,3
jot,3
syb,3
g-i,3
229,3
1-6,3
okf,3
kfi,3
149,3
w'd,3
hsh,3
"0,7",3
52-,3
5 u,3
247,3
bez,3
 1',3
1'',3
 5/,3
/64,3
11.,3
065,3
wc ,3
isj,3
b-i,3
nd.,3
yeg,3
pch,3
n *,3
o *,3
h *,3
*yb,3
yb ,3
b.',3
xog,3
eul,3
ceo,3
"47,",3
} a,3
ooh,3
ruo,3
253,3
1/1,3
.85,3
6-m,3
lok,3
0.9,3
3-c,3
ap.,3
-az,3
-16,3
1 v,3
9.8,3
oxo,3
p.d,3
d.i,3
khm,3
% ;,3
sik,3
5.7,3
3.8,3
"2,2",3
"85,",3
964,3
"79,",3
wti,3
) q,3
i-h,3
4.1,3
*ym,3
"9,8",3
pwi,3
256,3
0.7,3
-m-,3
4.5,3
cu ,3
 -7,3
-78,3
8-d,3
mc/,3
c/s,3
ycr,3
m-g,3
 ls,3
8-p,3
kuy,3
uyu,3
3.4,3
m /,3
( 9,3
44-,3
bne,3
dsu,3
hiu,3
p 4,3
.8%,3
/se,3
axs,3
xse,3
lbl,3
 ub,3
18.,3
1 `,3
5.6,3
9.2,3
coz,3
uzo,3
kiy,3
pi',3
 ds,3
s'l,3
rix,3
26-,3
aq ,3
ca-,3
167,3
7:0,3
x-a,3
oeg,3
ysb,3
880,3
rmp,3
 zh,3
kus,3
tyc,3
-8 ,3
c.c,3
wlt,3
yop,3
yn',3
 '2,3
dse,3
m-o,3
ki-,3
n'l,3
g &,3
637,3
 dl,3
bld,3
ldg,3
872,3
stg,3
780,3
igy,3
gep,3
m.s,3
wsi,3
exy,3
auj,3
g-v,3
'n',3
ksc,3
iln,3
lng,3
dbl,3
dg.,3
",58",3
23r,3
rfs,3
r x,3
ruh,3
129,3
7-4,3
npe,3
d.a,3
gg',3
psk,3
kur,3
589,3
oea,3
sih,3
l/h,3
/hr,3
/ l,3
.o.,3
rr',3
4 e,3
639,3
9 v,3
g-k,3
cwh,3
os.,3
0-6,3
oav,3
pbu,3
a.b,3
vay,3
1-m,3
lfl,3
mek,3
tda,3
hp.,3
od/,3
d/d,3
ixf,3
xf ,3
- 9,3
ixg,3
xg ,3
bbb,3
'ne,3
9.5,3
vlo,3
9 g,3
",67",3
ksa,3
my-,3
",82",3
wdl,3
cys,3
sbr,3
fda,3
u (,3
 bb,3
o'n,3
beb,3
rku,3
ueg,3
902,3
ksp,3
"18,",3
hse,3
hyg,3
tva,3
",52",3
7-8,3
abh,3
"4,9",3
zot,3
kiw,3
2-s,3
s-g,3
zak,3
ns.,3
r-n,3
lmy,3
sn.,3
cge,3
39-,3
n 9,3
7-m,3
390,3
783,3
azu,3
agd,3
gda,3
i-y,3
a-a,3
o-1,3
akr,3
fow,3
273,3
72n,3
hm',3
0-s,3
'do,3
kyn,3
340,3
hu-,3
5 v,3
fik,3
nlu,3
 sv,3
 2n,3
 8t,3
mlo,3
ewu,3
3 ',3
ghc,3
hca,3
lmn,3
kaz,3
 vy,3
25t,3
4-p,3
iao,3
904,3
9 ;,3
 ie,3
p-g,3
mez,3
zy-,3
gec,3
l-v,3
p'l,3
62-,3
ehm,3
yck,3
idj,3
060,3
lza,3
 bg,3
ox-,3
gg-,3
l'o,3
rd.,3
k-d,3
"( ,",3
vp ,3
 2',3
 dt,3
wsa,3
bux,3
nmu,3
jov,3
b-t,3
t-j,3
oxh,3
mio,3
770,3
f.d,3
hga,3
okc,3
kca,3
d.r,3
 p',3
fuj,3
171,3
33-,3
903,3
ksy,3
sny,3
gba,3
447,3
wos,3
-nu,3
 xr,3
xre,3
drd,3
 vr,3
zad,3
oib,3
 -i,3
dcl,3
y *,2
",11",2
lni,2
lm',2
6a ,2
luz,2
624,2
"38,",2
otp,2
nrl,2
r.p,2
u'u,2
-62,2
v u,2
"4,7",2
693,2
-mc,2
ax',2
h-j,2
80s,2
c.b,2
lyg,2
fod,2
uyn,2
"? ,",2
xne,2
axn,2
bpa,2
"27,",2
r.s,2
51s,2
671,2
596,2
j g,2
j c,2
vsh,2
ivs,2
: q,2
-40,2
5-g,2
bpo,2
f.r,2
862,2
b{t,2
cs-,2
py',2
rck,2
 1%,2
2-r,2
? 4,2
ps.,2
.21,2
816,2
58t,2
osv,2
cev,2
te.,2
 rt,2
llv,2
wyl,2
 b{,2
tza,2
bbu,2
'60,2
k-k,2
lwe,2
wsb,2
 p(,2
yad,2
nku,2
822,2
- ),2
zhi,2
i-o,2
i z,2
"4,3",2
831,2
837,2
vev,2
",06",2
-36,2
tko,2
 fj,2
ruk,2
ukt,2
ktu,2
.46,2
597,2
qw ,2
aqw,2
oie,2
$26,2
 wm,2
wm.,2
ltb,2
5-r,2
uec,2
r-u,2
"6,6",2
 ij,2
x &,2
24%,2
b.s,2
l/ ,2
eln,2
702,2
: $,2
615,2
 /l,2
gms,2
h-i,2
tp ,2
mu',2
94-,2
771,2
& b,2
i-j,2
628,2
atp,2
o'-,2
8e ,2
18e,2
lsy,2
bda,2
29.,2
8-7,2
w-k,2
3-h,2
nuh,2
d'y,2
uhi,2
ijo,2
as.,2
.5%,2
8.9,2
zyn,2
ynk,2
fey,2
550,2
61-,2
w 3,2
ygy,2
17.,2
 yf,2
3-i,2
a.a,2
066,2
c 1,2
a.u,2
oyr,2
fjo,2
yng,2
7 l,2
. *,2
biq,2
x `,2
fst,2
dmu,2
", &",2
& u,2
593,2
6.6,2
wnd,2
wao,2
uey,2
ruw,2
eui,2
yrr,2
uwa,2
(6),2
ho-,2
mp',2
849,2
ltl,2
8-b,2
kak,2
guz,2
'-w,2
1/c,2
599,2
pfc,2
ftw,2
uft,2
tsv,2
f &,2
acw,2
t'n,2
mfi,2
",86",2
psw,2
39.,2
lkw,2
pdo,2
418,2
7 g,2
"44,",2
'ac,2
iv ,2
v ',2
mda,2
omd,2
ei',2
- .,2
869,2
612,2
"13,",2
7.0,2
zlo,2
.26,2
.90,2
$.8,2
11%,2
xly,2
ai',2
-29,2
ak.,2
akk,2
 xa,2
xav,2
y-k,2
} o,2
&-m,2
-&-,2
e-&,2
og',2
iaw,2
118,2
dgh,2
87.,2
6.4,2
rze,2
yvi,2
okm,2
kmo,2
ngp,2
hi',2
rzy,2
"7,1",2
7-p,2
ksw,2
wy-,2
027,2
.12,2
cah,2
gpl,2
e-2,2
r *,2
1 ?,2
yj ,2
5-a,2
 ks,2
t x,2
 z-,2
b.a,2
-rh,2
s.',2
j ',2
650,2
pyo,2
-t.,2
sju,2
c'e,2
'es,2
w-2,2
-61,2
yja,2
369,2
ybi,2
"7,6",2
"65,",2
$8 ,2
s-1,2
s-2,2
",91",2
"8,9",2
yew,2
zsc,2
a-y,2
q c,2
azl,2
tdr,2
'oe,2
y-j,2
"3,4",2
fm ,2
 fm,2
p-1,2
4 r,2
wus,2
 'm,2
ppu,2
6:3,2
'th,2
o-3,2
oh-,2
3-t,2
q b,2
h 6,2
i-v,2
89-,2
lo.,2
fdr,2
90s,2
dr ,2
u.',2
q r,2
b-f,2
wi ,2
wfi,2
uio,2
hm-,2
wrl,2
wwr,2
 ww,2
*yp,2
'nu,2
hhh,2
ilq,2
noa,2
gsl,2
aod,2
tzs,2
juk,2
9% ,2
zma,2
i.r,2
ehh,2
shh,2
ag-,2
udm,2
asr,2
apg,2
u-b,2
pgo,2
26t,2
duv,2
 x',2
lgl,2
llg,2
857,2
239,2
ghg,2
b-h,2
mcp,2
tka,2
etk,2
nnh,2
pl.,2
chc,2
9 ',2
i-g,2
x-l,2
ph',2
ocz,2
epn,2
ymu,2
zwe,2
sze,2
xud,2
",22",2
z -,2
aen,2
zif,2
yns,2
syg,2
ka-,2
wfa,2
zly,2
pni,2
4- ,2
ceh,2
p-d,2
4 u,2
2-o,2
w-n,2
855,2
-89,2
bhu,2
227,2
sht,2
zte,2
f x,2
rnn,2
py-,2
",01",2
 q.,2
odf,2
2-a,2
yah,2
515,2
hrm,2
llt,2
sbi,2
pys,2
bo',2
- ;,2
coq,2
mte,2
"8,7",2
524,2
yrn,2
"81,",2
apf,2
pfr,2
d-k,2
ldy,2
r' ,2
p-m,2
c.',2
umt,2
", x",2
yi ,2
x-j,2
caw,2
0 `,2
ab-,2
5-b,2
f-v,2
hko,2
7 v,2
yca,2
tik,2
gso,2
ig',2
ldm,2
f.s,2
sgo,2
083,2
asg,2
shk,2
)(6,2
k-i,2
atb,2
byh,2
uja,2
luj,2
6.8,2
hbe,2
huz,2
aom,2
okw,2
zyb,2
4 ',2
gbr,2
idp,2
byg,2
54-,2
871,2
az ,2
oaz,2
223,2
221,2
ki',2
269,2
 [ ,2
34-,2
ieh,2
"90,",2
4) ,2
voe,2
iwe,2
h- ,2
gsb,2
87t,2
lyu,2
'30,2
ufr,2
ioi,2
vdi,2
ovd,2
 ] ,2
riw,2
dof,2
` :,2
002,2
005,2
590,2
nkt,2
c) ,2
 5:,2
731,2
730,2
884,2
epc,2
iul,2
skm,2
2-h,2
777,2
0-b,2
271,2
380,2
idm,2
 3',2
'ah,2
"84,",2
iob,2
w 7,2
 ng,2
7:4,2
'20,2
/ d,2
.1%,2
bg ,2
9:4,2
ld0,2
-3-,2
nbi,2
688,2
bi',2
nph,2
4-f,2
edv,2
uku,2
ysp,2
yyy,2
azt,2
720,2
714,2
127,2
bpe,2
3-m,2
al.,2
mde,2
 hp,2
f.b,2
wum,2
sfr,2
esf,2
ffh,2
2's,2
503,2
ky.,2
amd,2
j.d,2
rsm,2
d.h,2
m x,2
321,2
yuc,2
zoi,2
e-z,2
 cb,2
ipc,2
xwo,2
254,2
b/ ,2
kio,2
ab/,2
olq,2
ylp,2
/ a,2
343,2
-id,2
r.h,2
ca.,2
'la,2
'bo,2
/ g,2
bya,2
58-,2
'no,2
5.8,2
r /,2
wl',2
258,2
za-,2
'ta,2
t.-,2
inx,2
ekh,2
'as,2
rg-,2
t.w,2
cao,2
480,2
mha,2
wnc,2
d x,2
dc',2
eib,2
rsw,2
yve,2
 yv,2
 fy,2
mn-,2
cz ,2
eex,2
ok.,2
wla,2
 mv,2
657,2
tih,2
'et,2
icz,2
47.,2
% u,2
lko,2
0-h,2
z k,2
cgr,2
d-2,2
ihs,2
ekk,2
thg,2
zek,2
ttm,2
uza,2
faz,2
23:,2
luv,2
wph,2
awp,2
okn,2
sp.,2
zap,2
n-k,2
1-8,2
307,2
h 7,2
su',2
592,2
677,2
638,2
tpa,2
9-5,2
.-p,2
228,2
oew,2
b.i,2
721,2
d.w,2
ay/,2
0:0,2
bs',2
6-5,2
29-,2
579,2
642,2
lyk,2
es.,2
lsv,2
dyg,2
xxx,2
505,2
8 :,2
urh,2
wem,2
n x,2
nyd,2
rrs,2
xx ,2
i-e,2
17-,2
-kh,2
6 :,2
jal,2
80',2
 nk,2
mla,2
ni-,2
hce,2
ahc,2
iye,2
z-h,2
675,2
778,2
/m.,2
451,2
1-3,2
.5-,2
ekd,2
 -2,2
212,2
",21",2
./m,2
499,2
wr ,2
453,2
$53,2
cty,2
538,2
keb,2
a-1,2
-eu,2
nsg,2
) 6,2
uiu,2
786,2
811,2
oa-,2
-gh,2
",42",2
fln,2
$27,2
q o,2
ggg,2
meq,2
",96",2
",56",2
561,2
",39",2
miy,2
"3,8",2
n.j,2
uki,2
0tr,2
n- ,2
aji,2
ipf,2
"41,",2
umc,2
841,2
iya,2
ndd,2
25.,2
ssc,2
z u,2
ueu,2
waz,2
msb,2
uo',2
psn,2
v./,2
pui,2
ys-,2
-39,2
5-7,2
: 6,2
-mv,2
mv.,2
285,2
n'd,2
( z,2
541,2
-ji,2
"6,5",2
x j,2
833,2
6 (,2
-ee,2
' 5,2
278,2
hju,2
2-4,2
c 8,2
ab',2
-05,2
2-l,2
6-d,2
 l-,2
rzi,2
ahj,2
$55,2
c-e,2
aht,2
-ml,2
 89,2
"72,",2
2 j,2
 'c,2
'ce,2
"24,",2
n'b,2
407,2
wsu,2
ye',2
972,2
apb,2
9.4,2
rf-,2
080,2
'bl,2
"4,1",2
$5.,2
6-0,2
06-,2
 08,2
5.2,2
877,2
07-,2
2/3,2
zib,2
",87",2
yez,2
 f',2
b-4,2
kwu,2
-47,2
",62",2
"4,6",2
807,2
wh ,2
13/,2
c-o,2
",36",2
uhm,2
hmu,2
7.8,2
msm,2
.19,2
bm',2
 8%,2
b k,2
sge,2
7.2,2
"9,9",2
842,2
"2,6",2
 mf,2
f-1,2
7.1,2
p-o,2
738,2
",73",2
123,2
0:3,2
 7%,2
9:3,2
3.7,2
-i-,2
lpy,2
*ye,2
215,2
 cp,2
1-d,2
 6',2
543,2
8-m,2
dey,2
xhu,2
1.9,2
'br,2
2-t,2
uhu,2
4:4,2
ulh,2
k.c,2
a.i,2
k 4,2
43.,2
728,2
6.2,2
8-:,2
:28,2
aip,2
8 2,2
--:,2
wop,2
.1-,2
sss,2
ebm,2
aeb,2
uon,2
itg,2
6.9,2
nhy,2
"34,",2
517,2
.6-,2
.6%,2
zou,2
ffb,2
410,2
tyb,2
205,2
. x,2
yox,2
ylg,2
",35",2
020,2
46t,2
 84,2
/ m,2
emc,2
 u-,2
s /,2
*yg,2
q w,2
$24,2
zq ,2
141,2
5'',2
337,2
g.t,2
8-y,2
zom,2
' 1,2
$9 ,2
*zq,2
r'l,2
bof,2
zia,2
",55",2
740,2
$74,2
-et,2
1's,2
.51,2
mr ,2
xym,2
'r ,2
646,2
lhu,2
iuc,2
04.,2
00.,2
:22,2
o-q,2
ibc,2
858,2
61',2
fn ,2
 fn,2
p-q,2
fps,2
 fp,2
"21,",2
06.,2
742,2
867,2
25',2
e'a,2
3 r,2
9 l,2
153,2
ms-,2
:21,2
7/2,2
pga,2
1-7,2
; 2,2
4-0,2
2 r,2
b ?,2
0- ,2
vto,2
moe,2
4-c,2
0-4,2
bms,2
 lp,2
iji,2
-15,2
/ac,2
y.m,2
i-w,2
 vt,2
-9 ,2
na-,2
"61,",2
-ka,2
rwy,2
1.3,2
3-5,2
:31,2
395,2
opg,2
lzo,2
2:1,2
nyg,2
cda,2
ckj,2
tvi,2
ttv,2
",27",2
kja,2
lh ,2
'49,2
ruv,2
wsw,2
5-5,2
492,2
460,2
dsa,2
7.6,2
lrd,2
"89,",2
wgr,2
eie,2
 hm,2
amw,2
6 -,2
0-l,2
389,2
l 6,2
fae,2
"$6,",2
nk',2
-uh,2
; 4,2
24',2
-mr,2
ha-,2
$43,2
"7,3",2
hke,2
m-h,2
31s,2
anm,2
392,2
zid,2
zwo,2
:48,2
d'h,2
j ),2
0-k,2
otf,2
sy',2
769,2
967,2
ceu,2
813,2
782,2
814,2
myl,2
oep,2
udk,2
dko,2
147,2
b.b,2
 ez,2
sa',2
"9,7",2
748,2
78t,2
-.5,2
764,2
-34,2
'id,2
h-q,2
665,2
5- ,2
hge,2
p &,2
osr,2
b- ,2
m &,2
xaz,2
-ft,2
buh,2
zz-,2
-25,2
8-o,2
uaw,2
131,2
"95,",2
 d-,2
ag',2
rvy,2
cc ,2
"14,",2
ml.,2
% l,2
ghk,2
& r,2
z-b,2
27.,2
ymy,2
wda,2
3-b,2
ezr,2
zra,2
k-g,2
"77,",2
vi ,2
yuh,2
bmu,2
u q,2
v l,2
% h,2
ydo,2
yum,2
jau,2
wec,2
 jy,2
.32,2
687,2
-p ,2
9-c,2
60s,2
fft,2
lfs,2
6.5,2
z' ,2
be',2
t'v,2
aa ,2
 vp,2
f-j,2
b :,2
y 0,2
pfi,2
.65,2
-yu,2
m-y,2
fi ,2
346,2
pyk,2
 sf,2
0/m,2
4/m,2
'ai,2
-7/,2
ooi,2
kyj,2
.28,2
y'k,2
'kn,2
m 9,2
mdu,2
zub,2
rsn,2
'55,2
ykn,2
2' ,2
ohy,2
auq,2
4-2,2
kfe,2
ia-,2
b ;,2
ubk,2
ap',2
yfa,2
zeb,2
 k',2
upc,2
9-f,2
 '1,2
$4.,2
362,2
.23,2
80%,2
1:4,2
525,2
'13,2
076,2
4.9,2
2a ,2
-66,2
.58,2
h'i,2
spn,2
$.5,2
30/,2
hiq,2
psg,2
 's,2
",49",2
bko,2
ih ,2
aas,2
361,2
 'f,2
235,2
$.3,2
.36,2
s-v,1
 rf,1
.52,1
? 0,1
294,1
po-,1
s-k,1
azw,1
? 1,1
)(9,1
l-q,1
; 8,1
.70,1
j w,1
 -1,1
16),1
6 *,1
(16,1
.44,1
- 6,1
` 7,1
} d,1
9) ,1
(9),1
n-1,1
",34",1
yep,1
acm,1
pq ,1
) 7,1
afh,1
nn-,1
(4),1
cmi,1
ylt,1
 d8,1
fho,1
yuj,1
d8 ,1
-t ,1
)(4,1
231,1
avs,1
ul.,1
zi-,1
2-p,1
2s ,1
h6 ,1
xmi,1
i-k,1
52s,1
372,1
osw,1
n.m,1
oxm,1
6-6,1
"01,",1
.3m,1
oik,1
9-7,1
$47,1
grz,1
 kq,1
kqe,1
sjo,1
nmr,1
w 9,1
pw ,1
uun,1
 nm,1
 pq,1
3m ,1
$59,1
dpw,1
 dp,1
103,1
auu,1
qed,1
ry.,1
44.,1
$44,1
-om,1
j d,1
t- ,1
ylb,1
gii,1
5 k,1
c- ,1
p-w,1
r/a,1
634,1
hmp,1
338,1
ah6,1
x-n,1
3 1,1
nw.,1
312,1
geg,1
018,1
cde,1
vim,1
746,1
678,1
aal,1
",38",1
waa,1
463,1
x-v,1
 eo,1
odt,1
e /,1
560,1
ruy,1
cuc,1
22%,1
3-f,1
n/g,1
'25,1
fiq,1
/g ,1
} m,1
/ i,1
maq,1
 m*,1
m**,1
075,1
iuk,1
 3m,1
3mm,1
es/,1
s/c,1
oaq,1
swc,1
lsu,1
adp,1
sz ,1
"78,",1
pce,1
esz,1
 /r,1
ymg,1
"8,8",1
yek,1
580,1
0 *,1
5-s,1
/ o,1
'ca,1
mui,1
gf ,1
ugf,1
odp,1
bmt,1
dpe,1
.22,1
dsk,1
-5-,1
n/c,1
l-5,1
oju,1
cgh,1
oeu,1
koj,1
mcq,1
cu',1
49%,1
"59,",1
",78",1
c z,1
 2a,1
$77,1
67-,1
- $,1
1a ,1
 1a,1
/r/,1
/ch,1
/ce,1
'53,1
t /,1
367,1
.40,1
405,1
/ .,1
r/ ,1
27%,1
545,1
kog,1
ynx,1
hsl,1
'38,1
4.8,1
nxe,1
b-g,1
733,1
'54,1
767,1
'31,1
v q,1
3-g,1
"02,",1
7a ,1
"$9,",1
p.s,1
oiz,1
 7a,1
-ox,1
l {,1
l-2,1
",84",1
u-2,1
5-v,1
gak,1
l)-,1
)-a,1
th.,1
"{0,",1
"0,t",1
m-k,1
.78,1
",t}",1
 {0,1
cth,1
0-w,1
llk,1
lzm,1
zwk,1
46%,1
 hb,1
4-m,1
hdi,1
gn',1
kbi,1
yrz,1
297,1
204,1
048,1
-u.,1
osg,1
}-a,1
m.t,1
81-,1
-6t,1
r-6,1
yg-,1
ytr,1
un/,1
a/3,1
024,1
} .,1
 a/,1
039,1
-.1,1
57%,1
lsf,1
"} ,",1
64%,1
86%,1
s(h,1
-85,1
3 g,1
2-w,1
(hy,1
yl),1
-i ,1
} b,1
t}-,1
is(,1
p' ,1
q h,1
090,1
eq ,1
",09",1
 n/,1
fni,1
ifn,1
5:0,1
up',1
/ w,1
muh,1
kmi,1
-d',1
562,1
d'o,1
} w,1
46-,1
q f,1
mub,1
kum,1
wce,1
510,1
wbr,1
tez,1
u-t,1
i'a,1
'af,1
-tt,1
-pp,1
aah,1
x-d,1
208,1
l'y,1
'y ,1
c'n,1
fsa,1
vaq,1
'fo,1
owz,1
wzy,1
uht,1
bl',1
rje,1
std,1
6 1,1
138,1
-ps,1
 bc,1
bcd,1
cb ,1
573,1
eyv,1
99.,1
9.1,1
f-y,1
avv,1
vvy,1
 'p,1
'pa,1
p'n,1
v'r,1
- !,1
tye,1
t'j,1
'ja,1
'yo,1
-s-,1
msu,1
t'h,1
'hi,1
guh,1
whs,1
s'p,1
hk ,1
wuh,1
rih,1
'li,1
z j,1
617,1
224,1
lb',1
t'g,1
'ge,1
ahk,1
'po,1
tfr,1
s'd,1
-oh,1
gnb,1
e'n,1
yp',1
bb',1
wpu,1
hng,1
hnf,1
udn,1
bao,1
a-2,1
-26,1
hcu,1
ahv,1
hve,1
iih,1
ihn,1
tsl,1
obc,1
eyk,1
hsc,1
$46,1
46.,1
754,1
) z,1
vop,1
a'd,1
'te,1
z v,1
'wa,1
m.e,1
y.u,1
jyj,1
j 1,1
jym,1
y'n,1
387,1
gef,1
nwr,1
d-z,1
-zl,1
hki,1
vef,1
fyc,1
exb,1
xbo,1
ufn,1
fna,1
'sc,1
wfe,1
wot,1
fef,1
ldd,1
iwi,1
ogw,1
7:2,1
pci,1
rpy,1
bna,1
yfr,1
e.',1
diw,1
iwo,1
'st,1
ae',1
lu',1
u'a,1
ksu,1
'u',1
hnu,1
'pe,1
79.,1
.89,1
rdf,1
df ,1
yef,1
:47,1
'ho,1
fo ,1
i't,1
u'p,1
esg,1
fy-,1
$79,1
rsv,1
gtr,1
usq,1
bdr,1
fek,1
jeb,1
'os,1
s.u,1
 'w,1
2-m,1
xii,1
2:5,1
wfl,1
htr,1
785,1
h' ,1
sye,1
l.s,1
-z',1
s-z,1
aep,1
ua-,1
 a4,1
a40,1
-aj,1
ajk,1
jk ,1
f'o,1
 j',1
j'a,1
hsi,1
pbr,1
pyh,1
yhr,1
zuk,1
6' ,1
705,1
'ei,1
h-k,1
ifw,1
fw-,1
lsq,1
sq',1
q'i,1
'iy,1
nnt,1
auz,1
iij,1
gy-,1
nng,1
 iq,1
iq ,1
uok,1
akm,1
isw,1
d'v,1
b !,1
 ii,1
w-o,1
daf,1
ouj,1
ba-,1
bik,1
ao-,1
uim,1
'fe,1
lej,1
 gw,1
zhu,1
phn,1
 pw,1
 wp,1
ccc,1
lpm,1
lmd,1
mdo,1
i `,1
hrr,1
b63,1
gwe,1
fbe,1
udr,1
491,1
711,1
1-r,1
-r ,1
evn,1
vni,1
ttz,1
lru,1
shp,1
b-a,1
b-d,1
md ,1
md',1
yap,1
x z,1
juj,1
? q,1
gwr,1
zhe,1
aa-,1
piw,1
aui,1
kav,1
vi-,1
wcu,1
afy,1
afm,1
fmo,1
-vu,1
p.g,1
.ga,1
c'u,1
x ?,1
h-',1
-'e,1
mup,1
uxo,1
chv,1
wk-,1
nuz,1
'ov,1
ovu,1
"! ,",1
ixa,1
! ;,1
? ;,1
m.h,1
h.a,1
whu,1
ukl,1
p-j,1
guf,1
ohd,1
hd ,1
ftu,1
juh,1
t'r,1
hwu,1
aaw,1
kuk,1
rp-,1
viy,1
kez,1
r'b,1
d'u,1
f'r,1
509,1
p 5,1
0 q,1
.20,1
pff,1
$83,1
"3,7",1
wow,1
g-u,1
sri,1
'el,1
srh,1
b `,1
kku,1
 nn,1
4 3,1
fff,1
hmm,1
'da,1
m' ,1
yaj,1
zz',1
aww,1
www,1
ww ,1
ufu,1
nkg,1
kgo,1
ii',1
eo',1
f-k,1
kib,1
'a ,1
nyp,1
ypl,1
psc,1
hbl,1
"de,",1
"e,d",1
",dt",1
ehn,1
aae,1
aek,1
809,1
n.d,1
r-3,1
zyc,1
76-,1
y/1,1
"/1,",1
y/a,1
mls,1
yy ,1
 bs,1
bsn,1
n /,1
oxx,1
bij,1
068,1
266,1
66-,1
366,1
8 4,1
-28,1
9-y,1
tyw,1
41-,1
56-,1
x-y,1
mvp,1
251,1
469,1
 xx,1
 yy,1
804,1
4-u,1
3-0,1
-ig,1
b/d,1
 gp,1
yry,1
299,1
28.,1
y /,1
xy-,1
k.g,1
703,1
izv,1
 uc,1
zve,1
 q3,1
q3 ,1
uk',1
"8,1",1
uzi,1
) (,1
xyh,1
yhy,1
034,1
3's,1
gpd,1
pd ,1
d /,1
.77,1
",23",1
314,1
710,1
/lb,1
lb/,1
tzm,1
d.j,1
w 4,1
.0-,1
-mg,1
cmd,1
mdr,1
gsd,1
4 !,1
oxw,1
aox,1
-ut,1
-2/,1
2 k,1
w-v,1
z 1,1
57b,1
7b ,1
au-,1
u-p,1
415,1
aiz,1
-5t,1
80t,1
itb,1
mip,1
7 n,1
10t,1
4-t,1
ez',1
3:0,1
014,1
(14,1
14),1
4 q,1
286,1
pr ,1
051,1
oxv,1
xvi,1
74.,1
c-u,1
ckv,1
kvi,1
-ot,1
avc,1
vc ,1
p.-,1
3 q,1
878,1
.-t,1
t.a,1
76.,1
302,1
 '8,1
'80,1
866,1
ioz,1
thk,1
-ko,1
"46,",1
opw,1
846,1
udh,1
72-,1
281,1
opn,1
zog,1
99-,1
gfr,1
lfh,1
fhe,1
yhe,1
pwo,1
ekw,1
nok,1
goy,1
490,1
iav,1
516,1
-l',1
cgl,1
ubf,1
e.o,1
 6a,1
 9b,1
9b ,1
oeo,1
54t,1
206,1
8 j,1
ndv,1
uhl,1
r.l,1
bfi,1
 nd,1
3:5,1
:57,1
49e,1
9er,1
kub,1
-ly,1
vao,1
 'l,1
fso,1
htd,1
 h',1
-yi,1
yi-,1
oee,1
nuv,1
jiv,1
b 8,1
5 !,1
'au,1
'lo,1
? 5,1
21.,1
65%,1
? 6,1
043,1
n.l,1
h.w,1
l x,1
dpr,1
pya,1
t) ,1
p(q,1
(q),1
q) ,1
*yj,1
j a,1
7-5,1
z-g,1
z-a,1
q e,1
(t),1
b-z,1
zro,1
ngk,1
gko,1
h'-,1
09.,1
fc.,1
4:1,1
:18,1
n.-,1
puy,1
uyt,1
duy,1
uyv,1
zyw,1
ywy,1
udz,1
dzy,1
 zl,1
trz,1
uay,1
.-c,1
o-2,1
2 v,1
689,1
9-p,1
afs,1
uev,1
aj.,1
mox,1
xna,1
pfe,1
 bh,1
e't,1
k' ,1
edp,1
mny,1
mml,1
krz,1
tzr,1
oxn,1
yfi,1
/co,1
 9a,1
9a ,1
 9e,1
60*,1
0*0,1
rlp,1
391,1
h /,1
4.6,1
t.u,1
u./,1
./s,1
/sq,1
al/,1
r./,1
./*,1
/*0,1
*0f,1
0f.,1
b.t,1
9e ,1
qns,1
w.g,1
k 1,1
148,1
48.,1
 '?,1
'?',1
?' ,1
e/c,1
hpu,1
t-6,1
eoe,1
f./,1
kiv,1
vu ,1
lsl,1
psm,1
il.,1
fe/,1
6.0,1
35*,1
5*0,1
49*,1
9*0,1
71*,1
1*&,1
*&0,1
&0c,1
wup,1
p- ,1
hlu,1
 kv,1
kv ,1
p(t,1
p /,1
en/,1
n/w,1
/wa,1
n.a,1
i.l,1
mss,1
566,1
0c ,1
i- ,1
./i,1
/in,1
394,1
 yd,1
yd.,1
32*,1
.04,1
mcr,1
xhl,1
` 3,1
38*,1
8*0,1
x 1,1
sbc,1
bcs,1
.95,1
/4-,1
2*0,1
 9n,1
9n ,1
23a,1
3a ,1
9-o,1
1-5,1
13%,1
5 n,1
r.a,1
-m ,1
2/c,1
329,1
udc,1
dcr,1
v v,1
zho,1
l'b,1
muk,1
wpi,1
a.f,1
0' ,1
aix,1
nkp,1
el.,1
rmw,1
mwi,1
-24,1
00t,1
$.9,1
$.6,1
lb-,1
$4/,1
 cv,1
cv ,1
dwh,1
k x,1
uov,1
01s,1
$81,1
$36,1
.86,1
d.o,1
mf ,1
25/,1
5/h,1
/hp,1
evv,1
vve,1
i.b,1
b.m,1
& 8,1
aaf,1
-tc,1
237,1
37%,1
29%,1
47-,1
$5-,1
5-8,1
"-8,",1
lzu,1
8 v,1
t-1,1
'51,1
g 9,1
% ',1
rlh,1
ogb,1
- ?,1
88',1
'90,1
344,1
33d,1
lrb,1
-49,1
1.4,1
402,1
61s,1
-dy,1
.' ,1
 '9,1
8's,1
lz ,1
7.7,1
.72,1
hc ,1
wgu,1
-6-,1
iee,1
6-7,1
584,1
/ft,1
692,1
5 `,1
"4,8",1
.29,1
295,1
95%,1
257,1
"7,7",1
uoh,1
grg,1
qvi,1
lmr,1
265,1
zae,1
lox,1
 g-,1
42d,1
854,1
nmy,1
"92,",1
199,1
dbr,1
r-q,1
p-n,1
-yr,1
yr.,1
gy',1
1 k,1
311,1
",19",1
/2%,1
7-i,1
.08,1
142,1
21%,1
07/,1
7/c,1
/cw,1
cwt,1
48',1
x 3,1
6-b,1
.05,1
054,1
54/,1
$.7,1
ahb,1
hb ,1
bd/,1
d/f,1
 7',1
' x,1
ru-,1
u-c,1
0 &,1
025,1
5-i,1
mwo,1
376,1
m- ,1
zus,1
4-s,1
p-i,1
 o-,1
jog,1
 lm,1
245,1
454,1
488,1
7'',1
 bd,1
pl ,1
muo,1
 a5,1
0-3,1
8.2,1
a5 ,1
fui,1
'yq,1
yqu,1
vip,1
rsf,1
45.,1
357,1
666,1
66.,1
.66,1
obw,1
bwe,1
nii,1
dij,1
261,1
132,1
kax,1
c-m,1
luu,1
uu ,1
704,1
17:,1
:07,1
rr-,1
.60,1
rjo,1
fop,1
av',1
s.-,1
.-s,1
iyu,1
7:1,1
:10,1
7:5,1
gip,1
arj,1
uig,1
zzm,1
zme,1
'-s,1
773,1
wmi,1
107,1
peh,1
57-,1
rtk,1
idr,1
ahu,1
117,1
c.n,1
694,1
874,1
p z,1
oix,1
pob,1
-oi,1
n'r,1
mcw,1
yip,1
rii,1
oif,1
& l,1
& j,1
",66",1
3-r,1
kye,1
 03,1
035,1
 dv,1
tzo,1
evc,1
vch,1
tr.,1
ux-,1
oww,1
wwa,1
k'n,1
gve,1
m-a,1
-eb,1
mcs,1
ezy,1
fok,1
cyg,1
ygn,1
o'g,1
o'l,1
jib,1
242,1
42%,1
nq ,1
ab1,1
"b1,",1
",04",1
$66,1
"66,",1
'ga,1
nkc,1
kch,1
 wl,1
o.a,1
gaa,1
1-9,1
282,1
lsd,1
"58,",1
ngv,1
t.b,1
"35,",1
"5,8",1
c-f,1
bo-,1
-sn,1
$42,1
$61,1
epk,1
vri,1
306,1
o'e,1
'er,1
s-w,1
01b,1
1b ,1
ygu,1
755,1
o(c,1
c)t,1
082,1
e'u,1
ev-,1
xei,1
56a,1
119,1
kba,1
y-v,1
gsu,1
cgo,1
)te,1
679,1
49t,1
meu,1
511,1
802,1
kek,1
5-h,1
p $,1
wod,1
rnr,1
puk,1
do(,1
ab4,1
"b4,",1
826,1
443,1
417,1
itk,1
xey,1
kyt,1
k &,1
-35,1
31.,1
kk ,1
cn.,1
7-9,1
x-i,1
:03,1
364,1
eg-,1
aqv,1
457,1
441,1
-f.,1
 4',1
4' ,1
:12,1
:24,1
 kk,1
kkk,1
k z,1
/20,1
xi-,1
mpp,1
phz,1
hzi,1
2.9,1
 :3,1
aed,1
55-,1
645,1
kao,1
aol,1
:46,1
4-:,1
mn.,1
"9,2",1
1:5,1
:59,1
59.,1
:19,1
kyb,1
juc,1
imf,1
14c,1
4c ,1
40y,1
0y ,1
$73,1
73.,1
1-s,1
bex,1
86-,1
88-,1
873,1
' z,1
1/5,1
/50,1
rsl,1
-za,1
yo-,1
: 9,1
xar,1
725,1
5's,1
760,1
42c,1
2c ,1
",85",1
989,1
w-i,1
pix,1
! 2,1
3:2,1
0 :,1
wss,1
40t,1
( $,1
l-j,1
-45,1
399,1
"2,9",1
-d-,1
w- ,1
h-n,1
fbo,1
555,1
3-4,1
-48,1
5/6,1
508,1
630,1
iau,1
tjo,1
ftr,1
o &,1
.14,1
416,1
.54,1
 9/,1
9/3,1
/32,1
 tj,1
uzu,1
mll,1
lwy,1
wyk,1
ab6,1
uju,1
g-n,1
! (,1
ib-,1
fuu,1
uut,1
c-d,1
m-u,1
tgn,1
rzt,1
zt ,1
nnf,1
 dh,1
cyi,1
oi-,1
371,1
 sd,1
sd ,1
3 j,1
hmn,1
.38,1
283,1
3-7,1
is.,1
` *,1
32',1
rcm,1
:43,1
1--,1
37.,1
3--,1
287,1
a.k,1
37t,1
'ns,1
**b,1
5/1,1
3'',1
urw,1
pye,1
3/6,1
21/,1
1/6,1
7/1,1
"28,",1
ghy,1
na.,1
*b ,1
e +,1
 + ,1
324,1
edz,1
dzi,1
ntz,1
+ s,1
kcs,1
cma,1
p 8,1
-90,1
6- ,1
ctw,1
lsp,1
hih,1
202,1
wu ,1
ibn,1
o-z,1
836,1
1-h,1
6-4,1
-4-,1
70t,1
uzy,1
zyk,1
-kc,1
6-9,1
bn ,1
w-y,1
taq,1
7-r,1
keu,1
tu',1
1-t,1
tyg,1
yga,1
k-n,1
nhw,1
gte,1
",54",1
062,1
k 5,1
t'i,1
'ie,1
t'a,1
wa-,1
huo,1
uo-,1
852,1
479,1
",88",1
"87,",1
790,1
lck,1
$88,1
"88,",1
"3,6",1
lby,1
` ?,1
rrm,1
faq,1
"6,1",1
$34,1
- 0,1
"43,",1
$67,1
843,1
haq,1
36t,1
4-7,1
695,1
f !,1
255,1
jod,1
734,1
207,1
971,1
976,1
mc.,1
"0,8",1
",07",1
799,1
rja,1
745,1
-cp,1
8-c,1
806,1
69-,1
9 u,1
981,1
79-,1
rnz,1
nz-,1
z-o,1
umh,1
"99,",1
"9,6",1
$57,1
ks-,1
bi-,1
pka,1
839,1
805,1
03-,1
ntb,1
ttw,1
77.,1
.37,1
mfg,1
1 8,1
53-,1
8-6,1
744,1
mts,1
ts.,1
3-8,1
"51,",1
mhu,1
riy,1
ha',1
omt,1
mto,1
usg,1
9-2,1
-23,1
425,1
koa,1
msd,1
eb',1
aem,1
532,1
444,1
751,1
484,1
"4,2",1
",26",1
-79,1
zey,1
419,1
",83",1
fg.,1
s.p,1
p.c,1
570,1
irz,1
",99",1
",15",1
70s,1
pba,1
mow,1
ubn,1
"67,",1
808,1
741,1
",12",1
.87,1
lcr,1
"0,1",1
",18",1
2 n,1
k-y,1
2-f,1
ajb,1
jb ,1
tpr,1
5/8,1
p-c,1
$52,1
"52,",1
",29",1
293,1
sl ,1
5-2,1
/de,1
85t,1
 5t,1
rkd,1
63d,1
"3,2",1
51-,1
35%,1
koy,1
erq,1
hox,1
wsy,1
v k,1
imt,1
"7,8",1
795,1
680,1
"6,7",1
",76",1
v &,1
gr ,1
6:1,1
:15,1
b-2,1
g- ,1
6-a,1
toj,1
wnb,1
 cj,1
n/d,1
% g,1
427,1
s'a,1
asd,1
k.j,1
x 7,1
759,1
143,1
rnk,1
in/,1
cjs,1
.1.,1
586,1
0-8,1
-80,1
1-c,1
65.,1
nij,1
emr,1
jem,1
768,1
zir,1
-50,1
 pv,1
pvt,1
vt ,1
tm ,1
w.',1
486,1
60%,1
: z,1
603,1
452,1
667,1
67.,1
144,1
5-l,1
328,1
( ),1
431,1
zfe,1
442,1
",47",1
"54,",1
ftf,1
v `,1
j.p,1
"29,",1
dtl,1
tl ,1
rzf,1
762,1
/1 ,1
pyn,1
 ux,1
uxb,1
97/,1
aev,1
g.b,1
984,1
& 2,1
msk,1
8/9,1
/9 ,1
026,1
hby,1
uif,1
wrt,1
00/,1
0/1,1
aiu,1
98/,1
96/,1
6/7,1
/7 ,1
-pn,1
k 2,1
 ym,1
ymc,1
rgd,1
gd ,1
0:5,1
ha.,1
 ys,1
byi,1
pyb,1
obd,1
i.m,1
m.f,1
vle,1
ncz,1
czy,1
j f,1
 jn,1
jnr,1
nr ,1
fc ,1
xa ,1
ldf,1
c-r,1
js ,1
z `,1
9-4,1
ws',1
s'e,1
'ex,1
z (,1
rp',1
zam,1
wts,1
pyw,1
-b-,1
wsr,1
b.d,1
633,1
631,1
xbr,1
vyl,1
yc',1
& e,1
lij,1
28/,1
bt-,1
/29,1
usd,1
2:6,1
:67,1
br.,1
9 j,1
626,1
r'd,1
644,1
218,1
8/2,1
 cs,1
csf,1
sf ,1
430,1
sm-,1
7 y,1
12t,1
2th,1
676,1
e-1,1
313,1
 4%,1
616,1
y.w,1
w.c,1
i.p,1
cyo,1
84-,1
$6 ,1
",31",1
63.,1
4.4,1
2/4,1
 4/,1
461,1
$62,1
"8,3",1
iuv,1
334,1
pmr,1
838,1
853,1
557,1
.11,1
323,1
1.7,1
5.0,1
 b7,1
b70,1
zeu,1
830,1
.5',1
.55,1
w.m,1
044,1
798,1
nhh,1
 1m,1
1m ,1
5-u,1
 $0,1
3-d,1
58.,1
8.8,1
61.,1
.2%,1
cuk,1
uk*,1
k**,1
j i,1
"53,",1
$0.,1
222,1
$38,1
l-y,1
mc ,1
02',1
", ;",1
6'.,1
'.7,1
mv ,1
9' ,1
xeg,1
ga-,1
u-i,1
*yr,1
yg ,1
18',1
8'.,1
'.5,1
c 6,1
 9',1
adz,1
dze,1
52n,1
606,1
.su,1
6(j,1
(j),1
j) ,1
s [,1
",81",1
s ],1
] t,1
3-6,1
-64,1
4-6,1
604,1
"04,",1
j 4,1
462,1
[ c,1
8 `,1
s-y,1
236,1
66t,1
83r,1
0-5,1
4/4,1
p.2,1
401,1
vla,1
12a,1
2-6,1
-63,1
/3%,1
) 8,1
) 9,1
.48,1
ma!,1
a! ,1
 vl,1
"63,",1
l-u,1
p.l,1
92.,1
52h,1
2h ,1
-58,1
47',1
7's,1
276,1
"56,",1
379,1
"05,",1
 nj,1
ru',1
$72,1
 iu,1
753,1
.82,1
",92",1
"31,",1
635,1
"62,",1
"06,",1
542,1
1-o,1
385,1
327,1
-41,1
413,1
 6(,1
5-6,1
"68,",1
489,1
619,1
 91,1
$94,1
$56,1
365,1
45%,1
$19,1
19.,1
"9,4",1
sf-,1
433,1
x 5,1
553,1
ufs,1
viu,1
kaj,1
aad,1
rng,1
674,1
usz,1
szk,1
ng.,1
acg,1
uhs,1
8 e,1
243,1
pp',1
ahw,1
woz,1
zut,1
jop,1
rhm,1
05o,1
5o ,1
duq,1
75t,1
dl-,1
-31,1
lsm,1
ceg,1
z ?,1
mgm,1
",79",1
cfa,1
lsw,1
wia,1
eyr,1
52',1
lno,1
kht,1
ofn,1
iu ,1
889,1
gsa,1
xos,1
unz,1
eb-,1
b-n,1
-ic,1
781,1
zow,1
wsz,1
tyn,1
sae,1
a x,1
"5,9",1
",98",1
422,1
319,1
ofm,1
9 `,1
",93",1
414,1
w-j,1
yrt,1
iua,1
40s,1
ko',1
495,1
iun,1
stv,1
pdr,1
lfc,1
fco,1
nzw,1
tij,1
274,1
 a1,1
hy-,1
ysa,1
si',1
bs-,1
nux,1
ugr,1
3-2,1
ipg,1
 'b,1
d'd,1
r'n,1
yaq,1
zzu,1
pyc,1
yau,1
d05,1
ehf,1
hf ,1
'40,1
iub,1
x-h,1
va-,1
 rb,1
'or,1
 04,1
otd,1
6-o,1
cbs,1
046,1
17e,1
7e ,1
hyb,1
hye,1
lwh,1
cy',1
fu ,1
056,1
d06,1
ir.,1
byw,1
ep',1
p't,1
eyc,1
ndq,1
rrv,1
lzr,1
zri,1
hoj,1
oji,1
tsd,1
zu',1
jiu,1
iu-,1
yby,1
ggh,1
ikl,1
kc-,1
c-1,1
5 j,1
ac',1
kko,1
9:0,1
6:0,1
u-j,1
 g',1
g'a,1
jid,1
gpo,1
bgs,1
031,1
omk,1
nsr,1
- -,1
.-w,1
y- ,1
ddu,1
nt.,1
724,1
727,1
732,1
ikh,1
fyo,1
v :,1
m.-,1
snp,1
evz,1
lfg,1
fga,1
8-4,1
828,1
vzo,1
mwa,1
spb,1
& y,1
978,1
318,1
er.,1
o'h,1
sr',1
! 3,1
skn,1
't-,1
x-b,1
 dn,1
dfr,1
lk',1
m.',1
& n,1
lld,1
d [,1
[ h,1
t ],1
] i,1
 ih,1
272,1
uom,1
kbr,1
'ha,1
zha,1
774,1
02-,1
d'i,1
rdh,1
27t,1
081,1
ihm,1
 bj,1
595,1
0:4,1
'en,1
h.l,1
h.p,1
p.r,1
e.t,1
mtk,1
wna,1
'hu,1
-zi,1
544,1
583,1
bua,1
uaf,1
ebw,1
bwo,1
594,1
tku,1
we-,1
758,1
",57",1
571,1
585,1
m.d,1
mhe,1
tfe,1
ouz,1
w.h,1
vra,1
bsb,1
298,1
sao,1
aon,1
uod,1
2 `,1
wky,1
h't,1
j.h,1
640,1
434,1
317,1
ga',1
006,1
409,1
007,1
22.,1
rpn,1
viz,1
c-h,1
beu,1
nuk,1
ukk,1
 '7,1
'76,1
mmk,1
mko,1
bl ,1
doh,1
veb,1
290,1
655,1
558,1
216,1
97-,1
709,1
-eg,1
kt ,1
auh,1
526,1
fca,1
987,1
aua,1
g.o,1
o.p,1
a13,1
226,1
342,1
1-0,1
5-4,1
efc,1
--s,1
747,1
ivn,1
vne,1
agy,1
5:3,1
zah,1
$21,1
t-q,1
pt',1
` x,1
 xi,1
z-v,1
ac-,1
ox',1
upm,1
w.r,1
b-l,1
gmu,1
msa,1
gi-,1
bix,1
wym,1
pua,1
2-b,1
m'd,1
cr-,1
k'a,1
ilz,1
 tt,1
r--,1
koz,1
bc-,1
csy,1
zef,1
-33,1
95-,1
igp,1
gpe,1
690,1
 ip,1
p-e,1
